Song Title,Artist,Genre,Profanity Lines,Sentiment Annotation (Natalie),Sentiment Annotation (Pragati)
walkoflife,direstraits,pop,"yeah he do the walk of life 
here comes johnny and HELL tell you the story 
hand me down my walkin shoes ",0,0
holdmecloser,eltonjohn,pop,"when chances breathe between the silence 
when SEX and love no longer gel 
oh ",2,0
aboutdamntime,lizzo,pop,"anyway 
its bad BITCH oclock yeah its thickthirty 
ive been through a lot but im still flirty okay ",1,1
aboutdamntime,lizzo,pop,"oh im not the girl i was or used to be uh 
BITCH i might be better 
turn up the music turn down the lights ",1,1
aboutdamntime,lizzo,pop,"okay okay alright 
its about DAMN time time 
turn up the music lets celebrate alright ",1,1
aboutdamntime,lizzo,pop,"okay okay alright 
its about DAMN time 
in a minute ima need a sentimental ",1,1
aboutdamntime,lizzo,pop,"tryna bring out the fabulous 
cause i give a FUCK way too much 
ima need like two shots in my cup ",2,2
aboutdamntime,lizzo,pop,"oh im not the girl i was or used to be uh 
BITCH i might be better 
turn up the music turn down the lights ",1,1
aboutdamntime,lizzo,pop,"okay okay alright 
its about DAMN time time 
turn up the music lets celebrate alright ",1,1
aboutdamntime,lizzo,pop,"okay okay alright 
its about DAMN time 
bitch ",1,1
aboutdamntime,lizzo,pop,"its about damn time 
BITCH 
cause uh you know what time it is uh ",1,1
aboutdamntime,lizzo,pop,"okay okay alright alright 
its about DAMN time 
im comin out tonight lets go im comin out tonight comin out tonight ",1,1
aboutdamntime,lizzo,pop,"okay okay alright 
its about DAMN time oh 
bitch ",1,1
aboutdamntime,lizzo,pop,"its about damn time oh 
BITCH 
yeah yeah ",1,1
aboutdamntime,lizzo,pop,"yeah yeah 
its about DAMN time
",1,1
greedy,tatemcrae,pop,"baby please believe me 
ill put you through HELL 
just to know me yeahyeah ",0,0
greedy,tatemcrae,pop,"baby dont get greedy 
that SHIT wont end well 
no it wont end well ",3,3
greedy,tatemcrae,pop,"baby please believe me 
ill put you through HELL 
just to know me yeahyeah ",0,0
greedy,tatemcrae,pop,"baby dont get greedy 
that SHIT wont end well 
no it wont end well ",3,3
greedy,tatemcrae,pop,"baby please believe me 
ill put you through HELL 
just to know me yeahyeah ",0,0
greedy,tatemcrae,pop,"baby dont get greedy 
that SHIT wont end well 
no it wont end well ",3,3
dancethenight,dualipa,pop,"cause every romance shakes and it bends 
dont give a DAMN 
when the nights here i dont do tears ",2,2
dancethenight,dualipa,pop,"cause every romance shakes and it bends 
dont give a DAMN 
when the nights here i dont do tears ",2,2
heartofglass,blondie,pop,"once i had a love and it was a gas 
 album version  soon turned out to be a pain in the ASS 
 radio version  soon turned out i had a heart of glass  ",3,3
singlesoon,selenagomez,pop,"ill be single soon 
i know HELL be a mess 
when i break the news ",0,0
singlesoon,selenagomez,pop,"ill be single soon 
i know HELL be a mess 
when i break the news ",0,0
singlesoon,selenagomez,pop,"ill be single soon 
i know HELL be a mess 
when i break the news ",0,0
yesand,arianagrande,pop,"yes and 
say that SHIT with your chest and 
be your own fuckin best friend ",2,2
yesand,arianagrande,pop,"say that shit with your chest and 
be your own FUCKIN best friend 
say that shit with your chest ",2,2
yesand,arianagrande,pop,"be your own fuckin best friend 
say that SHIT with your chest 
keep moving like whats next ",2,2
yesand,arianagrande,pop,"yes and 
say that SHIT with your chest and 
be your own fuckin best friend ",2,2
yesand,arianagrande,pop,"say that shit with your chest and 
be your own FUCKIN best friend 
say that shit with your chest ",2,2
yesand,arianagrande,pop,"be your own fuckin best friend 
say that SHIT with your chest 
keep moving like whats next ",2,2
yesand,arianagrande,pop,"yes and yes and  
say that SHIT with your chest and say that SHIT with your chest 
be your own fuckin best friend be your own be your own ",2,2
yesand,arianagrande,pop,"say that shit with your chest and say that shit with your chest 
be your own FUCKIN best friend be your own be your own 
say that shit with your chest say that shit ",2,2
yesand,arianagrande,pop,"be your own fuckin best friend be your own be your own 
say that SHIT with your chest say that SHIT 
keep moving like whats next with your chest now baby ",2,2
yesand,arianagrande,pop,"yes and hoo 
say that SHIT with your chest and hoo 
be your own fuckin best friend be your own ",2,2
yesand,arianagrande,pop,"say that shit with your chest and hoo 
be your own FUCKIN best friend be your own 
say that shit with your chest ",2,2
yesand,arianagrande,pop,"be your own fuckin best friend be your own 
say that SHIT with your chest 
keep moving like whats next ",2,2
feather,sabrinacarpenter,pop,"your signals are mixed 
you act like a BITCH 
you fit every stereotype send a pic ",3,3
feather,sabrinacarpenter,pop,"your signals are mixed 
you act like a BITCH a BITCH 
you fit every stereotype send a pic ",3,3
vampire,oliviarodrigo,pop,"bloodsucker famefucker 
bleeding me dry like a GODDAMN vampire 
every girl i ever talked to told me you were bad bad news ",3,3
vampire,oliviarodrigo,pop,"how do you lie without flinching how do you lie how do you lie how do you lie 
oh what a mesmerizing paralyzing FUCKED up little thrill 
cant figure out just how you do it and god knows i never will ",3,3
vampire,oliviarodrigo,pop,"bloodsucker famefucker 
bleeding me dry like a GODDAMN vampire 
you said it was true love ",3,3
vampire,oliviarodrigo,pop,"bloodsucker famefucker 
bleeding me dry like a GODDAMN vampire
",3,3
uptownfunk,markronson,pop,"gotta kiss myself im so pretty 
im too hot hot DAMN 
call the police and the fireman ",1,1
uptownfunk,markronson,pop,"call the police and the fireman 
im too hot hot DAMN 
make a dragon wanna retire man ",1,1
uptownfunk,markronson,pop,"make a dragon wanna retire man 
im too hot hot DAMN 
say my name you know who i am ",2,1
uptownfunk,markronson,pop,"say my name you know who i am 
im too hot hot DAMN 
and my band bout that money ",2,1
uptownfunk,markronson,pop,"smoother than a fresh jar of skippy 
im too hot hot DAMN 
call the police and the fireman ",2,1
uptownfunk,markronson,pop,"call the police and the fireman 
im too hot hot DAMN 
make a dragon wanna retire man ",2,1
uptownfunk,markronson,pop,"make a dragon wanna retire man 
im too hot hot DAMN hot DAMN 
bitch say my name you know who i am ",2,1
uptownfunk,markronson,pop,"im too hot hot damn hot damn 
BITCH say my name you know who i am 
im too hot hot damn ",2,2
uptownfunk,markronson,pop,"bitch say my name you know who i am 
im too hot hot DAMN 
and my band bout that money ",2,1
daylight,davidkushner,pop,"tryna wash away all the blood ive spilt 
this LUST is a burden that we both share 
two sinners cant atone from a lone prayer ",2,0
stay,kidlaroi,pop,"i feel like you cant feel the way i feel 
oh ill be FUCKED up if you cant be right here 
oh oohwhoa oh oohwhoa oohwhoa ",3,3
stay,kidlaroi,pop,"oh oohwhoa oh oohwhoa oohwhoa 
oh ill be FUCKED up if you cant be right here 
i do the same thing i told you that i never would ",3,3
stay,kidlaroi,pop,"its been difficult for me to trust ooh 
and im afraid that ima FUCK it up 
aint no way that i can leave you stranded ",2,3
stay,kidlaroi,pop,"oh oohwhoa oh oohwhoa oohwhoa 
ill be FUCKED up if you cant be right here 
i do the same thing i told you that i never would ",3,3
pleasepleaseplease,sabrinacarpenter,pop,"heartbreak is one thing my egos another 
i beg you dont embarrass me MOTHERFUCKER oh 
please please please ah ",3,3
pleasepleaseplease,sabrinacarpenter,pop,"heartbreak is one thing heartbreak is one thing my egos another egos another 
i beg you dont embarrass me MOTHERFUCKER oh 
please please please ah ",3,3
illusion,dualipa,pop,"dance all night dance dance 
was a time when that SHIT might have worked 
was a time when i just threw a match and let it burn ",2,2
water,tyla,pop,"if i give you my time 
can you SNATCH my soul from me 
i dont wanna wait come take it ",2,0
water,tyla,pop,"if i give you my time 
can you SNATCH my soul from me 
i dont wanna wait come take it ",2,0
rollinginthedeep,adele,pop," clean version  go head and sell me out and ill lay your ship bare 
 explicit version  go head and sell me out and ill lay your SHIT bare 
see how i leave with every piece of you ",3,3
antihero,taylorswift,pop,"the family gathers round and reads it and then someone screams out 
shes laughing up at us from HELL 
its me hi ",0,0
belongtogether,markambor,pop,"but maybe i should get some rest 
cause ive been out here working all DAMN day 
blueberries and butterflies ",2,2
murderonthedancefloor,sophieellisbextor,pop,"but you better not kill the groove dj 
gonna burn this GODDAMN house right down 
i know i know i know i know i know ",2,2
murderonthedancefloor,sophieellisbextor,pop,"but you better not steal the moves dj 
gonna burn this GODDAMN house right down 
i know i know i know i know i know ",2,2
murderonthedancefloor,sophieellisbextor,pop,"but you better not steal the moves dj 
gonna burn this GODDAMN house right down 
dont think youll get away i will prove you wrong ",2,2
murderonthedancefloor,sophieellisbextor,pop,"but you better not steal the moves dj 
gonna burn this GODDAMN house right down 
its murder on the dancefloor ",2,2
murderonthedancefloor,sophieellisbextor,pop,"but you better not steal the moves dj 
gonna burn this GODDAMN house right down 
its murder on the dancefloor ",2,2
moneyfornothing,direstraits,pop,"we got to move these colour tvs 
see the little FAGGOT with the earring and the makeup 
yeah buddy thats his own hair ",3,3
moneyfornothing,direstraits,pop,"yeah buddy thats his own hair 
that little FAGGOT got his own jet airplane 
that little faggot hes a millionaire ",3,3
moneyfornothing,direstraits,pop,"that little faggot got his own jet airplane 
that little FAGGOT hes a millionaire 
we got to install microwave ovens ",3,3
chemical,postmalone,pop,"last time was the last time too 
its FUCKED up i know but im still 
outside of the party smoking in the car with you ",2,2
chemical,postmalone,pop,"every time im ready to make a change 
you turn around and FUCK out all my brains 
i aint tryna fight fate its too late to save face ",2,2
chemical,postmalone,pop,"last time was the last time too 
its FUCKED up i know but im still 
standing outside of the party smoking in the car with you ",2,2
espresso,sabrinacarpenter,pop,"to desperation 
my give a FUCKS are on vacation 
and i got this one boy ",2,2
espresso,sabrinacarpenter,pop,"thats that me espresso 
holy SHIT 
is it that sweet i guess so ",2,2
cantgetenough,jenniferlopez,pop,"you know i cant get enough 
i love that SHIT 
you know i cant get enough ",2,2
cantgetenough,jenniferlopez,pop,"you know i cant get enough 
you love that SHIT 
you know i cant get enough ",2,2
cantgetenough,jenniferlopez,pop,"you know i cant get enough 
give me all that SHIT 
cant get enough ",2,2
cantgetenough,jenniferlopez,pop,"you know i cant get enough 
i love that SHIT 
you know i cant get enough ",2,2
cantgetenough,jenniferlopez,pop,"you know i cant get enough 
you love that SHIT 
you know i cant get enough ",2,2
cantgetenough,jenniferlopez,pop,"you know i cant get enough 
give me all that SHIT 
cant get enough of you ",2,2
cantgetenough,jenniferlopez,pop,"you know i cant get enough 
i love that SHIT 
you know i cant get enough ",2,2
cantgetenough,jenniferlopez,pop,"you know i cant get enough 
you love that SHIT 
you know i cant get enough ",2,2
cantgetenough,jenniferlopez,pop,"you know i cant get enough 
give me all that SHIT 
cant get enough ",2,2
cantgetenough,jenniferlopez,pop,"you know i cant get enough 
i love that SHIT 
you know i cant get enough ",2,2
cantgetenough,jenniferlopez,pop,"you know i cant get enough 
you love that SHIT 
you know i cant get enough ",2,2
cantgetenough,jenniferlopez,pop,"you know i cant get enough 
give me all that SHIT 
cant get enough of you ",2,2
richbabydaddy,drake,hiphop,"is it 
bend that ASS over baow let that coochie breathe yeah 
shake that ass bitch hands on your knees ho ",2,2
richbabydaddy,drake,hiphop,"bend that ass over baow let that coochie breathe yeah 
shake that ASS BITCH hands on your knees ho 
hands on your knees ho hands on your knees ow ",2,2
richbabydaddy,drake,hiphop,"bend that ass over baow let that coochie breathe yeah 
shake that ASS BITCH hands on your knees ho 
hands on your knees ho hands on your knees ow ",2,2
richbabydaddy,drake,hiphop,"hands on your knees ho hands on your knees ow 
shake that ASS for drake yup now shake that ASS for me 
bend that ass over baow let that coochie breathe yeah ",2,2
richbabydaddy,drake,hiphop,"shake that ass for drake yup now shake that ass for me 
bend that ASS over baow let that coochie breathe yeah 
shake that ass bitch hands on your knees ",2,2
richbabydaddy,drake,hiphop,"bend that ass over baow let that coochie breathe yeah 
shake that ASS BITCH hands on your knees 
hands on your knees hands on your knees ",2,2
richbabydaddy,drake,hiphop,"bend that ass over baow let that coochie breathe yeah 
shake that ASS BITCH hands on your knees 
hands on your knees hands on your knees ",2,2
richbabydaddy,drake,hiphop,"hands on your knees hands on your knees 
shake that ASS for drake yeah now shake that ASS for me 
ayy i still got some love deep inside of me ",2,2
richbabydaddy,drake,hiphop,"im with red like im at a cincinnati game 
hood BITCH tat her gang fore she tat her name 
real bitch held me down fore i had a name ",2,2
richbabydaddy,drake,hiphop,"hood bitch tat her gang fore she tat her name 
real BITCH held me down fore i had a name 
heard theres money on my head what is that to me ",2,2
richbabydaddy,drake,hiphop,"the bend it over only time she turn her back on me for real 
bend that ASS over baow let that coochie breathe yeah 
shake that ass bitch hands on your knees ho ",2,2
richbabydaddy,drake,hiphop,"bend that ass over baow let that coochie breathe yeah 
shake that ASS BITCH hands on your knees ho 
hands on your knees ho hands on your knees ow ",2,2
richbabydaddy,drake,hiphop,"bend that ass over baow let that coochie breathe yeah 
shake that ASS BITCH hands on your knees ho 
hands on your knees ho hands on your knees ow ",2,2
richbabydaddy,drake,hiphop,"hands on your knees ho hands on your knees ow 
shake that ASS for drake yup now shake that ASS for me 
bend that ass over baow let that coochie breathe yeah ",2,2
richbabydaddy,drake,hiphop,"shake that ass for drake yup now shake that ass for me 
bend that ASS over baow let that coochie breathe yeah 
shake that ass bitch hands on your knees ",2,2
richbabydaddy,drake,hiphop,"bend that ass over baow let that coochie breathe yeah 
shake that ASS BITCH hands on your knees 
hands on your knees hands on your knees ",2,2
richbabydaddy,drake,hiphop,"bend that ass over baow let that coochie breathe yeah 
shake that ASS BITCH hands on your knees 
hands on your knees hands on your knees ",2,2
richbabydaddy,drake,hiphop,"hands on your knees hands on your knees 
shake that ASS for drake yeah now shake that ASS for me 
your man so good and you deserve that in your suffering ",2,2
richbabydaddy,drake,hiphop,"your man so good and you deserve that in your suffering 
i need a DICK and conversation can you cover me 
i had a feeling this is more than what we both say ",2,2
richbabydaddy,drake,hiphop,"feels good but it cant be love 
aint a DAMN thing that i do 
aint a damn thing oh ",2,2
richbabydaddy,drake,hiphop,"aint a damn thing that i do 
aint a DAMN thing oh 
bend that ass over ooh let that coochie breathe ooh ",2,2
richbabydaddy,drake,hiphop,"aint a damn thing oh 
bend that ASS over ooh let that coochie breathe ooh 
shake that ass bitch ooh hands on your knees ooh ",2,2
richbabydaddy,drake,hiphop,"bend that ass over ooh let that coochie breathe ooh 
shake that ASS BITCH ooh hands on your knees ooh 
hands on your knees all been there hands on your knees ",2,2
richbabydaddy,drake,hiphop,"bend that ass over ooh let that coochie breathe ooh 
shake that ASS BITCH ooh hands on your knees ooh 
hands on your knees all been there hands on your knees ",2,2
richbabydaddy,drake,hiphop,"hands on your knees all been there hands on your knees 
shake that ASS for drake uh now shake that ASS for me 
bend that ass over yeah let that coochie breathe yeah ",2,2
richbabydaddy,drake,hiphop,"shake that ass for drake uh now shake that ass for me 
bend that ASS over yeah let that coochie breathe yeah 
shake that ass bitch yeah hands on your knees hands on your ",2,2
richbabydaddy,drake,hiphop,"bend that ass over yeah let that coochie breathe yeah 
shake that ASS BITCH yeah hands on your knees hands on your 
hands on your knees hands on your hands on your knees yeah ",2,2
richbabydaddy,drake,hiphop,"bend that ass over yeah let that coochie breathe yeah 
shake that ASS BITCH yeah hands on your knees hands on your 
hands on your knees hands on your hands on your knees yeah ",2,2
richbabydaddy,drake,hiphop,"hands on your knees hands on your hands on your knees yeah 
shake that ASS for drake now shake that ASS for me shake shake shake 
you like my voice i turn you on ",2,2
richbabydaddy,drake,hiphop,"foreign trucks i pull up 
thirty inches to my BUTT 
nails done im fine as fuck ",2,2
richbabydaddy,drake,hiphop,"thirty inches to my butt 
nails done im fine as FUCK 
niggas tryna see whats up ",1,1
richbabydaddy,drake,hiphop,"nails done im fine as fuck 
NIGGAS tryna see whats up 
im lucky ",2,2
richbabydaddy,drake,hiphop,"im lucky 
bend that ASS over baow let that coochie breathe yeah 
shake that ass bitch hands on your knees ho ",2,2
richbabydaddy,drake,hiphop,"bend that ass over baow let that coochie breathe yeah 
shake that ASS BITCH hands on your knees ho 
hands on your knees ho hands on your knees ow ",2,2
richbabydaddy,drake,hiphop,"bend that ass over baow let that coochie breathe yeah 
shake that ASS BITCH hands on your knees ho 
hands on your knees ho hands on your knees ow ",2,2
richbabydaddy,drake,hiphop,"hands on your knees ho hands on your knees ow 
shake that ASS for drake yup now shake that ASS for me 
bend that ass over baow let that coochie breathe yeah ",2,2
richbabydaddy,drake,hiphop,"shake that ass for drake yup now shake that ass for me 
bend that ASS over baow let that coochie breathe yeah 
shake that ass bitch hands on your knees ",2,2
richbabydaddy,drake,hiphop,"bend that ass over baow let that coochie breathe yeah 
shake that ASS BITCH hands on your knees 
hands on your knees hands on your knees ",2,2
richbabydaddy,drake,hiphop,"bend that ass over baow let that coochie breathe yeah 
shake that ASS BITCH hands on your knees 
hands on your knees hands on your knees ",2,2
richbabydaddy,drake,hiphop,"hands on your knees hands on your knees 
shake that ASS for drake yeah now shake that ASS for me 
you know the root of it ",2,2
richbabydaddy,drake,hiphop,"i see the future and i can see you in it 
girl im not stupid so dont play no stupid SHIT 
i swear poppin my shit come with consequences ",3,3
richbabydaddy,drake,hiphop,"girl im not stupid so dont play no stupid shit 
i swear poppin my SHIT come with consequences 
post nut clarity i came to my senses ",3,2
richbabydaddy,drake,hiphop,"and you know im 
we was FUCKIN night after night ill change your life 
you aint even know how to suck it right i taught you right ",2,2
houdini,eminem,hiphop,"uh i was listening to the album 
good FUCKING luck youre on your own 
guess whos back back again ",2,2
houdini,eminem,hiphop,"turned me into smiley face emoji 
my SHIT may not be age appropriâ 
ate but i will hit an eight year old in the face with a participation trophy ",2,2
houdini,eminem,hiphop,"mind bogglin how my profit has skyrocketed look what i pocketed 
yeah the SHIT is just like yall have been light joggin and ive been running at full speed 
and thats why im ahead like my noggin and im the fight yall get in ",2,2
houdini,eminem,hiphop,"when you debate who the best but ops im whitechalkin when 
i step up to that mic COCK it then 
oh my god its him not again ",2,2
houdini,eminem,hiphop,"sometimes i wonder what the old med say 
if what if he could see the way SHIT is today 
look at this shit man hed probably say that everything is gay ",2,2
houdini,eminem,hiphop,"if what if he could see the way shit is today 
look at this SHIT man hed probably say that everything is gay 
like happy whats my name whats my name ",2,2
houdini,eminem,hiphop,"so how many little kids still wanna act like me 
im a bigger PRICK than cacti be 
and thats why these words sting just like you were being attacked by bees ",3,3
houdini,eminem,hiphop,"identifies as black but acts chinese 
like a MOTHERFUCKIN hacky sack i treat the whole world cause i got it at my feet 
how can i explain to you ",2,2
houdini,eminem,hiphop,"and say a few things or two to anger you 
but FUCK that if i think that SHIT ima say that SHIT 
cancel me what okay thats it go ahead paul quit ",2,2
houdini,eminem,hiphop,"and say a few things or two to anger you 
but FUCK that if i think that SHIT ima say that SHIT 
cancel me what okay thats it go ahead paul quit ",2,2
houdini,eminem,hiphop,"cancel me what okay thats it go ahead paul quit 
snakeass PRICK you male crossdresser fakeass BITCH 
and ill probably get shit for that ",3,3
houdini,eminem,hiphop,"cancel me what okay thats it go ahead paul quit 
snakeass PRICK you male crossdresser fakeass BITCH 
and ill probably get shit for that ",3,3
houdini,eminem,hiphop,"snakeass prick you male crossdresser fakeass bitch 
and ill probably get SHIT for that 
watch but you can all suck my dick in fact ",3,3
houdini,eminem,hiphop,"and ill probably get shit for that 
watch but you can all suck my DICK in fact 
fuck them fuck dre fuck jimmy fuck me fuck you fuck my own kids theyre brats fuck em ",3,3
houdini,eminem,hiphop,"watch but you can all suck my dick in fact 
FUCK them FUCK dre FUCK jimmy FUCK me FUCK you FUCK my own kids theyre brats FUCK em 
they can screwoff them and you all ",3,3
houdini,eminem,hiphop,"they can screwoff them and you all 
you too paul got two BALLS big as rupauls what you thought you saw aint what you saw 
cause youre never gon see me ",2,0
bigenergy,missmulatto,hiphop,"when you gonna stop playin 
bad BITCH i could be your fantasy 
i can tell you got big dick energy ",1,1
bigenergy,missmulatto,hiphop,"bad bitch i could be your fantasy 
i can tell you got big DICK energy 
it aint too many niggas that can handle me ",1,1
bigenergy,missmulatto,hiphop,"i can tell you got big dick energy 
it aint too many NIGGAS that can handle me 
but i might let you try it off the hennessy ",2,2
bigenergy,missmulatto,hiphop,"but i might let you try it off the hennessy 
make em sang to this PUSSY like a melody 
and if your bitch aint right i got the remedy ",2,3
bigenergy,missmulatto,hiphop,"make em sang to this pussy like a melody 
and if your BITCH aint right i got the remedy 
it aint too many niggas that can handle me ",2,2
bigenergy,missmulatto,hiphop,"and if your bitch aint right i got the remedy 
it aint too many NIGGAS that can handle me 
bad bitch i could be your fantasy ",2,2
bigenergy,missmulatto,hiphop,"it aint too many niggas that can handle me 
bad BITCH i could be your fantasy 
tell me how you want it ",1,1
bigenergy,missmulatto,hiphop,"feel good dont it 
hood BITCH 
fuck you in a bonnet ",2,2
bigenergy,missmulatto,hiphop,"hood bitch 
FUCK you in a bonnet 
imma bust it on the pole like onyx ",2,2
bigenergy,missmulatto,hiphop,"im just being honest 
PUSSY juicy 
minute maid ",2,2
bigenergy,missmulatto,hiphop,"not a side or a main 
im the only BITCH he entertain 
spendin his ",2,2
bigenergy,missmulatto,hiphop,"on the count of three 
bad BITCHES get money 
broke niggas to the left we dont want it ",1,1
bigenergy,missmulatto,hiphop,"bad bitches get money 
broke NIGGAS to the left we dont want it 
im the one you bitches hate ",2,2
bigenergy,missmulatto,hiphop,"broke niggas to the left we dont want it 
im the one you BITCHES hate 
but they cant get past ",3,3
bigenergy,missmulatto,hiphop,"pretty face no waist 
and a big ol ASS ha 
bad bitch i could be your fantasy ",2,2
bigenergy,missmulatto,hiphop,"and a big ol ass ha 
bad BITCH i could be your fantasy 
i can tell you got big dick energy ",1,1
bigenergy,missmulatto,hiphop,"bad bitch i could be your fantasy 
i can tell you got big DICK energy 
it aint too many niggas that can handle me ",1,1
bigenergy,missmulatto,hiphop,"i can tell you got big dick energy 
it aint too many NIGGAS that can handle me 
but i might let you try it off the hennessy ",2,2
bigenergy,missmulatto,hiphop,"but i might let you try it off the hennessy 
make em sang to this PUSSY like a melody 
and if your bitch aint right i got the remedy ",2,2
bigenergy,missmulatto,hiphop,"make em sang to this pussy like a melody 
and if your BITCH aint right i got the remedy 
it aint too many niggas that can handle me ",2,2
bigenergy,missmulatto,hiphop,"and if your bitch aint right i got the remedy 
it aint too many NIGGAS that can handle me 
bad bitch i could be your fantasy ",2,2
bigenergy,missmulatto,hiphop,"it aint too many niggas that can handle me 
bad BITCH i could be your fantasy 
got that real big energy ",1,1
bigenergy,missmulatto,hiphop,"do it slow motion 
real BITCH 
them other hoes phoney ",1,1
bigenergy,missmulatto,hiphop,"cant skip foreplay 
kill the PUSSY cold case 
im a boss bitch ",2,2
bigenergy,missmulatto,hiphop,"kill the pussy cold case 
im a boss BITCH 
but tonight we do it your way ",1,1
bigenergy,missmulatto,hiphop,"on the count of three 
bad BITCHES get money 
broke niggas to the left we dont want it ",1,1
bigenergy,missmulatto,hiphop,"bad bitches get money 
broke NIGGAS to the left we dont want it 
if you ever see me broke ",2,2
bigenergy,missmulatto,hiphop,"with a big ol bag ha 
bad BITCH i could be your fantasy 
i can tell you got big dick energy ",1,1
bigenergy,missmulatto,hiphop,"bad bitch i could be your fantasy 
i can tell you got big DICK energy 
it aint too many niggas that can handle me ",1,1
bigenergy,missmulatto,hiphop,"i can tell you got big dick energy 
it aint too many NIGGAS that can handle me 
but i might let you try it off the hennessy ",2,2
bigenergy,missmulatto,hiphop,"but i might let you try it off the hennessy 
make em sang to this PUSSY like a melody 
and if your bitch aint right i got the remedy ",2,2
bigenergy,missmulatto,hiphop,"make em sang to this pussy like a melody 
and if your BITCH aint right i got the remedy 
it aint too many niggas that can handle me ",2,2
bigenergy,missmulatto,hiphop,"and if your bitch aint right i got the remedy 
it aint too many NIGGAS that can handle me 
bad bitch i could be your fantasy ",2,2
bigenergy,missmulatto,hiphop,"it aint too many niggas that can handle me 
bad BITCH i could be your fantasy 
got that real big energy ",1,1
rockstar,postmalone,hiphop,"tank god 
ayy ive been FUCKIN hoes and poppin pillies 
man i feel just like a rockstar star ",2,2
rockstar,postmalone,hiphop,"and they always be smokin like a rasta 
FUCKIN with me call up on a uzi 
and show up man them the shottas ",2,2
rockstar,postmalone,hiphop,"ayy act a fool on stage 
prolly leave my FUCKIN show in a cop car 
ayy shit was legendary ",2,2
rockstar,postmalone,hiphop,"prolly leave my fuckin show in a cop car 
ayy SHIT was legendary 
threw a tv out the window of the montage ",1,1
rockstar,postmalone,hiphop,"threw a tv out the window of the montage 
cocaine on the table liquor pourin dont give a DAMN 
dude your girlfriend is a groupie she just tryna get in ",2,2
rockstar,postmalone,hiphop,"tryna grab up from my pants 
hundred BITCHES in my trailer say they aint got a man 
and they all brought a friend ",2,2
rockstar,postmalone,hiphop,"yeah ayy 
ayy ayy ive been FUCKIN hoes and poppin pillies 
man i feel just like a rockstar star ",2,2
rockstar,postmalone,hiphop,"and they always be smokin like a rasta 
FUCKIN with me call up on a uzi 
and show up man them the shottas ",2,2
rockstar,postmalone,hiphop," 21 savage 
ive been in the hills FUCKIN superstars 
feelin like a popstar 21 21 21 ",2,2
rockstar,postmalone,hiphop,"feelin like a popstar 21 21 21 
drankin henny bad BITCHES jumpin in the pool 
and they aint got on no bra no bra ",1,1
rockstar,postmalone,hiphop,"green hundreds in my safe i got old racks old racks 
la BITCHES always askin where the coke at 
livin like a rockstar smash out on a cop car ",2,2
rockstar,postmalone,hiphop," post malone 
ayy ive been FUCKIN hoes and poppin pillies 
man i feel just like a rockstar star ",2,2
rockstar,postmalone,hiphop,"and they always be smokin like a rasta 
FUCKIN with me call up on a uzi 
and show up man them the shottas ",2,2
band4band,centralcee,hiphop,"we can go band for band 
FUCK that we can go m for m 
quarter mil for the maybach truck ",2,2
band4band,centralcee,hiphop,"i got jewels in the safe that i dont even wear 
uh broll do it for some shoes and some clothes youll see what HELL do for a necklace 
rari truck look like a spider its crawlin a dollar on just accessories damn ",0,0
band4band,centralcee,hiphop,"uh broll do it for some shoes and some clothes youll see what hell do for a necklace 
rari truck look like a spider its crawlin a dollar on just accessories DAMN 
she made me wanna go harder i like her whole aura i think im obsessed with her ",2,2
band4band,centralcee,hiphop,"they hit him up on his birthday did him the worst way he had a death wish 
i get right under they skin i dont even try i guess i cant help that SHIT 
ima have love for bro for life if we talk or not i step with him ",2,2
band4band,centralcee,hiphop,"we can go band for band 
FUCK that we can go m for m 
mama got a body like kim and em ",2,2
band4band,centralcee,hiphop,"we can go watch for watch from chain to chain the rings im him 
i done got rich but im still with the SHIT land in london and go to the ends 
we can go band for band ",2,2
band4band,centralcee,hiphop,"we can go band for band 
FUCK that we can go m for m 
quarter mil for the maybach truck ",2,2
circles,postmalone,hiphop,"you thought that it was special special 
but it was just the SEX though the SEX though 
and i still hear the echoes the echoes ",2,2
empirestateofmind,jayz,hiphop,"sitting courtside knicks and nets give me high fives 
NIGGA i be spiked out i could trip a referee 
tell by my attitude that im most definitely from ",2,2
empirestateofmind,jayz,hiphop,"lets hear it for new york you welcome og uh 
new york yeah new york uh i made you hot NIGGA 
catch me at the x with og at a yankee game ",2,2
empirestateofmind,jayz,hiphop,"catch me at the x with og at a yankee game 
SHIT i made the yankee hat more famous than a yankee can 
you should know i bleed blue but i aint a crip though ",2,2
empirestateofmind,jayz,hiphop,"you should know i bleed blue but i aint a crip though 
but i got a gang of NIGGAS walking with my clique though 
welcome to the melting pot corners where were selling rock ",2,2
empirestateofmind,jayz,hiphop,"welcome to the melting pot corners where were selling rock 
africa bambaataa SHIT home of the hiphop 
yellow cab gypsy cab dollar cab holler back ",2,2
letsgetitstarted,blackeyedpeas,hiphop,"cause when we be out girlies pull they weave out 
you wouldnt believe how we wow SHIT out 
burn it til its burned out turn it til its turned out ",2,2
firstclass,jackharlow,hiphop,"throw up the l 
SEX in the am 
uhhuh ",2,2
firstclass,jackharlow,hiphop,"throw up the l 
SEX in the am 
uhhuh ",2,2
firstclass,jackharlow,hiphop,"throw up the l 
SEX in the am 
uhhuh ",2,2
firstclass,jackharlow,hiphop,"yes i am 
they say you a superstar now DAMN i guess i am 
you might be the man well thats unless i am ",2,2
firstclass,jackharlow,hiphop,"throw up the l 
SEX in the am 
uhhuh ",2,2
firstclass,jackharlow,hiphop,"throw up the l 
SEX in the am 
uhhuh ",2,2
creepin,metroboomin,hiphop,"oohoohooh ooh oohooh just cant believe this man 
metro boomin want some more NIGGA 
somebody said they saw you ",2,2
creepin,metroboomin,hiphop,"got you riding round in all type of benzes and rovers 
girl you used to ride in the rinky DINK 
im the one put you in eliantte on god ",2,0
creepin,metroboomin,hiphop,"you was rockin coach bags got you chanene 
side BITCH in fresco i call her my baby 21 
i got a girl but i still feel alone on god ",2,2
californialove,2pac,hiphop,"the track hits your eardrum like a slug to your chest 
pack a vest for your jimmy in the city of SEX 
we in that sunshine state where the bombass hemp be ",2,0
onerightnow,postmalone,hiphop,"that i broke my hand on the same wall 
that you told me that he FUCKED you on oh 
you think its so easy fuckin with my feelings ",2,2
onerightnow,postmalone,hiphop,"that you told me that he fucked you on oh 
you think its so easy FUCKIN with my feelings 
i got one comin over and one right now uh ",3,3
onerightnow,postmalone,hiphop,"said you wanna have my babies 
i FUCKED you so good you should pay me 
dont call me baby when you did me so wrong ",2,2
onerightnow,postmalone,hiphop,"that i broke my hand on the same wall 
that you told me that he FUCKED you on that he FUCKED you on 
you think its so easy fuckin with my feelings feelings ",2,2
onerightnow,postmalone,hiphop,"that you told me that he fucked you on that he fucked you on 
you think its so easy FUCKIN with my feelings feelings 
i got one comin over and one right now uh ",3,3
onerightnow,postmalone,hiphop,"we cant be friends cant be family oh 
you probably FUCK all my enemies oh 
i cant let you be next to me ",2,2
onerightnow,postmalone,hiphop,"that i broke my hand on the same wall 
that you told me that he FUCKED you on oh 
you think its so easy fuckin with my feelings feelings ",2,2
onerightnow,postmalone,hiphop,"that you told me that he fucked you on oh 
you think its so easy FUCKIN with my feelings feelings 
i got one comin over and one right now ",3,3
onerightnow,postmalone,hiphop,"one right now oh yeah oh yeah oh yeah 
FUCKIN with my FUCKIN with my feelings 
i got one comin over and one right now ",3,3
nothinonyou,bob,hiphop,"regardless of the things in my past that ive done done 
most of it really was for the HELL of the fun the uh 
on the carousel so around i spun spun ",0,0
miami,willsmith,hiphop,"gimme your hand 
DAMN you look sexy 
lets go to my yacht in the west keys ",1,1
airplanes,bob,hiphop,"yeah back when i was tryin to get a tip at subway 
and back when i was rappin for the HELL of it 
but nowadays we rappin to stay relevant ",2,2
airplanes,bob,hiphop,"and get back to the music 
that started this SHIT 
so here i stand and then again i say ",3,3
unforgettable,frenchmontana,hiphop,"its not gonna work for you nobody can equal me i know 
im gonna sip on this drink when im FUCKED up 
i should know how to pick up ",2,3
unforgettable,frenchmontana,hiphop,"why not 
a FUCKING good time never hurt nobody 
i got a little drink but its not bacardi ",1,1
unforgettable,frenchmontana,hiphop,"ship the whole crew to the cruise ship 
doin SHIT you dont even see in movies 
ride with me ride with me boss ",2,2
unforgettable,frenchmontana,hiphop,"ride with me ride with me boss 
i got a hard head but her ASS soft 
she want the last name with the ring on it ",2,2
unforgettable,frenchmontana,hiphop,"its not good enough for me since i been with you ooh 
im gonna sip on this drink when im FUCKED up 
i should know how to pick up ",2,3
unforgettable,frenchmontana,hiphop,"why not 
a FUCKING good time never hurt nobody 
i got a little drink but its not bacardi ",1,1
unforgettable,frenchmontana,hiphop,"too much for you alone 
baby go and grab some bad BITCHES bring em home 
know the jets on me ",1,1
yeahglo,glorilla,hiphop,"on the gang gang 
yeah run up on big glo you wont i bet yo ASS be on the floor 
big carbon hit like mayweather tula come through and bow a hoe ",2,2
yeahglo,glorilla,hiphop,"big carbon hit like mayweather tula come through and bow a hoe 
got millions out that rap SHIT they hate a BITCH but they stole the flow 
got backend after backend comin fuck em i stole the show ",2,2
yeahglo,glorilla,hiphop,"big carbon hit like mayweather tula come through and bow a hoe 
got millions out that rap SHIT they hate a BITCH but they stole the flow 
got backend after backend comin fuck em i stole the show ",2,2
yeahglo,glorilla,hiphop,"got millions out that rap shit they hate a bitch but they stole the flow 
got backend after backend comin FUCK em i stole the show 
dont run up on that bitch she a headcase all she do is shoot ",3,3
yeahglo,glorilla,hiphop,"got backend after backend comin fuck em i stole the show 
dont run up on that BITCH she a headcase all she do is shoot 
i signed my deal up on a pj and hopped out a parachute ",2,3
yeahglo,glorilla,hiphop,"im geeked dont ask me bout no more features i might embarrass you 
yeah glo stomp a lil PUSSY ho with some shell toes 
yeah glo slappin rap bitches and makin bail ho ",2,3
yeahglo,glorilla,hiphop,"yeah glo stomp a lil pussy ho with some shell toes 
yeah glo slappin rap BITCHES and makin bail ho 
yeah glo two tone cartier match the nails ho ",2,2
yeahglo,glorilla,hiphop,"yeah glo two tone cartier match the nails ho 
yeah glo no competition these BITCHES stale ho 
yeah glo cuban on cuban my shit is glass ho ",3,3
yeahglo,glorilla,hiphop,"yeah glo no competition these bitches stale ho 
yeah glo cuban on cuban my SHIT is glass ho 
yeah glo say they get money but i cant tell ho ",2,2
yeahglo,glorilla,hiphop,"yeah glo keep runnin circles around these snail hoes 
yeah glo and my SHIT bumpin up in the jail ho 
on the gang ",2,2
yeahglo,glorilla,hiphop,"maybach and g wagon trucks got mms in my garage 
quick to crank up on a ho you BITCHES better not get me started 
locked in with the gangstas and players my folks gon keep it solid ",2,2
yeahglo,glorilla,hiphop,"aye 
im cocky BITCH when i was just humble they didnt appreciate it 
fuck em ",2,2
yeahglo,glorilla,hiphop,"im cocky bitch when i was just humble they didnt appreciate it 
FUCK em 
young wealthy and ratchet im the hood bitches motivation ",3,3
yeahglo,glorilla,hiphop,"fuck em 
young wealthy and ratchet im the hood BITCHES motivation 
on top of the world now they tried to underestimate me ",2,2
yeahglo,glorilla,hiphop,"haha 
get em glo them BITCHES fraudulent you know you the truth 
get em glo stop overthinkin these hoes cant fuck with you ",2,2
yeahglo,glorilla,hiphop,"get em glo them bitches fraudulent you know you the truth 
get em glo stop overthinkin these hoes cant FUCK with you 
period ",2,3
yeahglo,glorilla,hiphop,"before i let a ho play with me ill go eat some jail food on gang 
yeah glo stomp a lil PUSSY ho with some shell toes 
yeah glo slappin rap bitches and makin bail ho ",2,3
yeahglo,glorilla,hiphop,"yeah glo stomp a lil pussy ho with some shell toes 
yeah glo slappin rap BITCHES and makin bail ho 
yeah glo two tone cartier match the nails ho ",2,2
yeahglo,glorilla,hiphop,"yeah glo two tone cartier match the nails ho 
yeah glo no competition these BITCHES stale ho 
yeah glo cuban on cuban my shit is glass ho ",3,3
yeahglo,glorilla,hiphop,"yeah glo no competition these bitches stale ho 
yeah glo cuban on cuban my SHIT is glass ho 
yeah glo say they get money but i cant tell ho ",2,2
yeahglo,glorilla,hiphop,"yeah glo keep runnin circles around these snail hoes 
yeah glo and my SHIT bumpin up in the jail ho 
yeah glo ",2,2
msjackson,outkast,hiphop,"and let her know her grandchild is a baby and not a pay check 
private school daycare SHIT medical billsâi pay that 
i love your mom and everything ",2,2
msjackson,outkast,hiphop,"look at the way he treats me 
SHIT look at the way you treat me 
you see your little nosyass homegirls ",2,2
msjackson,outkast,hiphop,"you see your little nosyass homegirls 
done got your ASS sent up the creek g 
without a paddle you left to straddle and ride this thing on out ",2,2
msjackson,outkast,hiphop,"now you and your girl aint speakin no more 
cause my DICK all in her mouth 
know what im talkin about ",2,2
msjackson,outkast,hiphop,"you keep on singin the same song let bygones be bygones 
and you can go on and get the HELL on you and your mama 
 andrã 3000 ",0,0
wildthoughts,djkhaled,hiphop," bryson tiller 
ayy ugh ugh i heard that PUSSY for the taking 
i heard it got these other niggas goin crazy ",2,2
wildthoughts,djkhaled,hiphop,"ayy ugh ugh i heard that pussy for the taking 
i heard it got these other NIGGAS goin crazy 
yeah i treat you like a lady lady ",2,2
wildthoughts,djkhaled,hiphop,"yeah i treat you like a lady lady 
FUCK you til youre burned out cremation burned out 
make it cream yeah wutang wutang ",3,2
wildthoughts,djkhaled,hiphop,"make it cream yeah wutang wutang 
throw that ASS back bouquet bouquet 
call me and i can get it juicy ",2,2
loseyourself,eminem,hiphop,"no more games ima change what you call rage 
tear this MOTHERFUCKIN roof off like two dogs caged 
i was playin in the beginning the mood all changed ",2,2
loseyourself,eminem,hiphop,"and i cant provide the right type of life for my family 
cause man these GODDAMN food stamps dont buy diapers 
and theres no movie theres no mekhi phifer this is my life ",2,2
loseyourself,eminem,hiphop,"to formulate a plot or end up in jail or shot 
success is my only MOTHERFUCKIN option failures not 
mom i love you but this trailers got ",2,2
starships,nickiminaj,hiphop,"have a drink clink found the bud light 
bad BITCHES like me is hard to come by 
the patrã³n own lets go get it on ",1,1
starships,nickiminaj,hiphop,"is it two three leave a good tip 
ima blow off my money and dont give two SHITS 
im on the floor floor ",2,2
starships,nickiminaj,hiphop,"cant stop 
were higher than a MOTHERFUCKER 
were higher than a motherfucker ",2,2
starships,nickiminaj,hiphop,"were higher than a motherfucker 
were higher than a MOTHERFUCKER 
were higher than a motherfucker ",2,2
starships,nickiminaj,hiphop,"were higher than a motherfucker 
were higher than a MOTHERFUCKER 
jump in my hooptie hooptie hoop ",2,2
starships,nickiminaj,hiphop,"i owe that 
but FUCK who you want and FUCK who you like 
dancehall life theres no end in sight ",2,2
starships,nickiminaj,hiphop,"cant stop 
were higher than a MOTHERFUCKER 
were higher than a motherfucker ",2,2
starships,nickiminaj,hiphop,"were higher than a motherfucker 
were higher than a MOTHERFUCKER 
were higher than a motherfucker ",2,2
starships,nickiminaj,hiphop,"were higher than a motherfucker 
were higher than a MOTHERFUCKER 
starships were meant to fly ",2,2
starships,nickiminaj,hiphop,"cant stop 
were higher than a MOTHERFUCKER 
were higher than a motherfucker ",2,2
starships,nickiminaj,hiphop,"were higher than a motherfucker 
were higher than a MOTHERFUCKER 
were higher than a motherfucker",2,2
starships,nickiminaj,hiphop,"were higher than a motherfucker 
were higher than a MOTHERFUCKER
",2,2
thriftshop,macklemore,hiphop,"i  i  im hunting looking for a comeup 
this is FUCKING awesome 
nah walk into the club like what up i got a big cock ",1,1
thriftshop,macklemore,hiphop,"this is fucking awesome 
nah walk into the club like what up i got a big COCK 
im so pumped about some shit from the thrift shop ",2,2
thriftshop,macklemore,hiphop,"nah walk into the club like what up i got a big cock 
im so pumped about some SHIT from the thrift shop 
ice on the fringe its so damn frosty ",2,2
thriftshop,macklemore,hiphop,"im so pumped about some shit from the thrift shop 
ice on the fringe its so DAMN frosty 
the people like damn thats a cold ass honkey ",2,2
thriftshop,macklemore,hiphop,"ice on the fringe its so damn frosty 
the people like DAMN thats a cold ASS honkey 
rollin in hella deep headed to the mezzanine ",2,2
thriftshop,macklemore,hiphop,"ice on the fringe its so damn frosty 
the people like DAMN thats a cold ASS honkey 
rollin in hella deep headed to the mezzanine ",2,2
thriftshop,macklemore,hiphop,"probably shoulda washed this smells like r kelly sheets 
PISS 
but shit it was ninetynine cents bag it ",3,3
thriftshop,macklemore,hiphop,"piss 
but SHIT it was ninetynine cents bag it 
coppin it washin it bout to go and get some compliments ",2,2
thriftshop,macklemore,hiphop,"passin up on those moccasins someone elses been walkin in 
bummy and grungy FUCK it man 
i am stuntin and flossin and ",2,2
thriftshop,macklemore,hiphop,"i am stuntin and flossin and 
savin my money and im hella happy thats a bargain BITCH 
im a take your grandpas style im a take your grandpas style ",1,1
thriftshop,macklemore,hiphop,"hello hello my ace man my mello 
john wayne aint got nothing on my fringe game HELL no 
i could take some pro wings make them cool sell those ",3,3
thriftshop,macklemore,hiphop,"i  i  im hunting looking for a comeup 
this is FUCKING awesome 
what you know about rockin a wolf on your noggin ",1,1
thriftshop,macklemore,hiphop,"your grammy your aunty your momma your mammy 
ill take those flannel zebra jammies secondhand i rock that MOTHERFUCKER 
the builtin onesie with the socks on that motherfucker ",1,1
thriftshop,macklemore,hiphop,"ill take those flannel zebra jammies secondhand i rock that motherfucker 
the builtin onesie with the socks on that MOTHERFUCKER 
i hit the party and they stop in that motherfucker ",2,2
thriftshop,macklemore,hiphop,"the builtin onesie with the socks on that motherfucker 
i hit the party and they stop in that MOTHERFUCKER 
they be like oh that gucci thats hella tight ",2,2
thriftshop,macklemore,hiphop,"limited edition lets do some simple addition 
fifty dollars for a tshirt  thats just some ignorant BITCH SHIT 
i call that getting swindled and pimped shit ",2,2
thriftshop,macklemore,hiphop,"limited edition lets do some simple addition 
fifty dollars for a tshirt  thats just some ignorant BITCH SHIT 
i call that getting swindled and pimped shit ",2,2
thriftshop,macklemore,hiphop,"fifty dollars for a tshirt  thats just some ignorant bitch shit 
i call that getting swindled and pimped SHIT 
i call that getting tricked by a business ",2,2
thriftshop,macklemore,hiphop,"i  i  im hunting looking for a comeup 
this is FUCKING awesome 
i wear your granddads clothes ",1,1
thriftshop,macklemore,hiphop,"from that thrift shop down the road 
i wear your granddads clothes DAMN right 
i look incredible now come on man ",2,2
thriftshop,macklemore,hiphop,"i  i  im hunting looking for a comeup 
this is FUCKING awesome 
is that your grandmas coat",1,1
lovinonme,jackharlow,hiphop,"she stole my heart then she got archived 
i keep it short with a BITCH lord farquaad 
all the girls in the front row ",2,2
lovinonme,jackharlow,hiphop,"let your tongue hang out 
FUCK everything 
if you came with a man ",3,3
lovinonme,jackharlow,hiphop,"everybody in a suite kickin up they feet 
stand up BITCH dance 
and all the guys in the back waitin on the next track ",2,2
worthit,offset,hiphop,"its hard to catch a vibe or go outside without you trippin vibe 
got NIGGAS tryna line me i cant ride without my pistol line 
i bought my bitch a kelly crocodile but not no lizard hey hey hey ",2,2
worthit,offset,hiphop,"got niggas tryna line me i cant ride without my pistol line 
i bought my BITCH a kelly crocodile but not no lizard hey hey hey 
bringin up the past the shit i done done before past ",2,2
worthit,offset,hiphop,"i bought my bitch a kelly crocodile but not no lizard hey hey hey 
bringin up the past the SHIT i done done before past 
your feet all in the sand i flew her to cabo sand ",3,3
worthit,offset,hiphop,"the message say delivered so what you delayin for hey 
you think im out FUCKIN around im in the studio yo 
its petty shit tellin your friends all the info ",2,2
worthit,offset,hiphop,"you think im out fuckin around im in the studio yo 
its petty SHIT tellin your friends all the info 
now your heart cold fuck around buy you a mink coat ",3,3
worthit,offset,hiphop,"its petty shit tellin your friends all the info 
now your heart cold FUCK around buy you a mink coat 
all your friends got on chanel only hoes squad goals hey ",2,2
worthit,offset,hiphop,"all your friends got on chanel only hoes squad goals hey 
ill go narco wack any NIGGA that seem close 
its a double r hearse lil mama you seein ghosts ghosts ",2,2
worthit,offset,hiphop,"its a double r hearse lil mama you seein ghosts ghosts 
i know youre tight with me you know the type of NIGGA i am 
i shoot it spitefully i dont give a damn what they sayin ",2,2
worthit,offset,hiphop,"i know youre tight with me you know the type of nigga i am 
i shoot it spitefully i dont give a DAMN what they sayin 
you better fight for me ",2,2
worthit,offset,hiphop,"need you to be my peace cause these streets get grimey 
see you with another NIGGA ill be damned 
better not catch him up in traffic hope my gun dont jam ",2,2
withoutme,eminem,hiphop,"but it feels so empty without me 
so come on dip BUM on your lips FUCK that 
cum on your lips and some on your tits and get ready cause this shits about to get heavy ",2,2
withoutme,eminem,hiphop,"but it feels so empty without me 
so come on dip BUM on your lips FUCK that 
cum on your lips and some on your tits and get ready cause this shits about to get heavy ",2,2
withoutme,eminem,hiphop,"so come on dip bum on your lips fuck that 
CUM on your lips and some on your TITS and get ready cause this SHITS about to get heavy 
i just settled all my lawsuits ",2,2
withoutme,eminem,hiphop,"so come on dip bum on your lips fuck that 
CUM on your lips and some on your TITS and get ready cause this SHITS about to get heavy 
i just settled all my lawsuits ",2,2
withoutme,eminem,hiphop,"so come on dip bum on your lips fuck that 
CUM on your lips and some on your TITS and get ready cause this SHITS about to get heavy 
i just settled all my lawsuits ",2,2
withoutme,eminem,hiphop,"i just settled all my lawsuits 
FUCK you debbie 
now this looks like a job for me so everybody just follow me ",3,3
withoutme,eminem,hiphop,"they start feeling like prisoners helpless 
til someone comes along on a mission and yells BITCH 
a visionary vision is scary ",2,2
withoutme,eminem,hiphop,"so just let me revel and bask 
in the fact that i got everyone kissing my ASS 
and its a disaster ",1,2
withoutme,eminem,hiphop,"and its a disaster 
such a catastrophe for you to see so DAMN much of my ASS 
you ask for me ",2,2
withoutme,eminem,hiphop,"and its a disaster 
such a catastrophe for you to see so DAMN much of my ASS 
you ask for me ",2,2
withoutme,eminem,hiphop,"a tiskit a taskit 
ill go TIT for tat with anybody whos talking this SHIT that SHIT 
chris kirkpatrick you can get your ass kicked ",2,2
withoutme,eminem,hiphop,"a tiskit a taskit 
ill go TIT for tat with anybody whos talking this SHIT that SHIT 
chris kirkpatrick you can get your ass kicked ",2,2
withoutme,eminem,hiphop,"ill go tit for tat with anybody whos talking this shit that shit 
chris kirkpatrick you can get your ASS kicked 
worse than them little limp bizkit bastards ",3,2
withoutme,eminem,hiphop,"you can get stomped by obie 
you 36 year old baldheaded FAG blow me 
you dont know me ",3,3
withoutme,eminem,hiphop,"ever since prince turned himself into a symbol 
but sometimes the SHIT just seems 
everybody only wants to discuss me ",2,2
astronautintheocean,maskedwolf,hiphop,"when your brain goes numb you can call that mental freeze 
when these people talk too much put that SHIT in slow motion yeah 
i feel like an astronaut in the ocean ayy ",2,2
astronautintheocean,maskedwolf,hiphop,"when your brain goes numb you can call that mental freeze 
when these people talk too much put that SHIT in slow motion yeah 
i feel like an astronaut in the ocean ",2,2
astronautintheocean,maskedwolf,hiphop,"i feel like an astronaut in the ocean 
she say that im cool DAMN straight 
im like yeah thats true thats true ",1,1
astronautintheocean,maskedwolf,hiphop,"ima keep it in a motion keep it movin like kinetic ayy yeah yeah yeah yeah yeah 
put this SHIT in a frame better know i dont blame 
everything that i say man i seen you deflate ",2,2
astronautintheocean,maskedwolf,hiphop,"when your brain goes numb you can call that mental freeze 
when these people talk too much put that SHIT in slow motion yeah 
i feel like an astronaut in the ocean ayy ",2,2
astronautintheocean,maskedwolf,hiphop,"when your brain goes numb you can call that mental freeze 
when these people talk too much put that SHIT in slow motion yeah 
i feel like an astronaut in the ocean",2,2
fukumean,gunna,hiphop,"ooh dunk rock 
FUCK you mean 
young gunna wunna back callin me splurge ",2,2
fukumean,gunna,hiphop,"ha ha ha ha 
FUCK you mean 
young gunna wunna they workin my nerves ",2,2
fukumean,gunna,hiphop,"im about to pour up some syrup 
FUCKING this BITCH like a perv 
smack from the back grab her perm ",2,2
fukumean,gunna,hiphop,"im about to pour up some syrup 
FUCKING this BITCH like a perv 
smack from the back grab her perm ",2,2
fukumean,gunna,hiphop,"ice the burr uh shittin on all you lil turds 
cant take that DICK wait your turn 
in my own lane we cant merge ",2,2
fukumean,gunna,hiphop,"and i aint smokin no sherm 
im in this BITCH with p litty 
qp qpski ",2,2
fukumean,gunna,hiphop,"qp qpski 
all of my BITCHES is pretty they showin they TITTIES its up to the ceilin 
i let her run through a million i rock with her really lets fuck on a billion ",2,2
fukumean,gunna,hiphop,"qp qpski 
all of my BITCHES is pretty they showin they TITTIES its up to the ceilin 
i let her run through a million i rock with her really lets fuck on a billion ",2,2
fukumean,gunna,hiphop,"all of my bitches is pretty they showin they titties its up to the ceilin 
i let her run through a million i rock with her really lets FUCK on a billion 
ima get down to the gritty then fuck up the city the home of the villains ",2,2
fukumean,gunna,hiphop,"i let her run through a million i rock with her really lets fuck on a billion 
ima get down to the gritty then FUCK up the city the home of the villains 
ecstasy wonderful feelin ",2,2
fukumean,gunna,hiphop,"get rich my only decision 
FUCK you mean 
young gunna wunna back callin me splurge ",2,2
fukumean,gunna,hiphop,"keep me a stick if they purge 
FUCK you mean 
fuck you mean ",2,2
fukumean,gunna,hiphop,"fuck you mean 
FUCK you mean 
yeah ",2,2
thenextepisode,drdre,hiphop,"ladadadadah 
its the MOTHERFUCKIN dodoubleg snoop dogg 
ladadadadah ",2,2
thenextepisode,drdre,hiphop,"yeah yeah yeah 
you know whos back up in this MOTHERFUCKER 
what what what what ",2,2
thenextepisode,drdre,hiphop,"so blaze the weed up then blaze it up blaze it up 
just blaze that SHIT up NIGGA 
yeah sup snoop ",2,2
thenextepisode,drdre,hiphop,"so blaze the weed up then blaze it up blaze it up 
just blaze that SHIT up NIGGA 
yeah sup snoop ",2,2
thenextepisode,drdre,hiphop,"yeah sup snoop 
top dogg bite em all NIGGA burn the SHIT up 
dpgc my nigga turn that shit up ",2,2
thenextepisode,drdre,hiphop,"yeah sup snoop 
top dogg bite em all NIGGA burn the SHIT up 
dpgc my nigga turn that shit up ",2,2
thenextepisode,drdre,hiphop,"top dogg bite em all nigga burn the shit up 
dpgc my NIGGA turn that SHIT up 
cpt lbc yeah we hookin back up ",2,2
thenextepisode,drdre,hiphop,"top dogg bite em all nigga burn the shit up 
dpgc my NIGGA turn that SHIT up 
cpt lbc yeah we hookin back up ",2,2
thenextepisode,drdre,hiphop,"and when they bang this in the club baby you got to get up 
thug NIGGAS drug dealers yeah they givin it up 
lowlife yo life boy we livin it up ",2,2
thenextepisode,drdre,hiphop,"slipped my ho a fortyfo when she got in the back do 
BITCHES lookin at me strange but you know i dont care 
step up in this motherfucker just aswangin my hair ",2,2
thenextepisode,drdre,hiphop,"bitches lookin at me strange but you know i dont care 
step up in this MOTHERFUCKER just aswangin my hair 
bitch quit talkin crip walk if you down with the set ",2,2
thenextepisode,drdre,hiphop,"step up in this motherfucker just aswangin my hair 
BITCH quit talkin crip walk if you down with the set 
take a bullet with some dick and take this dope on this jet ",2,2
thenextepisode,drdre,hiphop,"bitch quit talkin crip walk if you down with the set 
take a bullet with some DICK and take this dope on this jet 
out of town put it down for the father of rap ",2,2
thenextepisode,drdre,hiphop,"out of town put it down for the father of rap 
and if yo ASS get cracked BITCH shut yo trap 
come back get back thats the part of success ",3,2
thenextepisode,drdre,hiphop,"out of town put it down for the father of rap 
and if yo ASS get cracked BITCH shut yo trap 
come back get back thats the part of success ",3,3
thenextepisode,drdre,hiphop,"ladadadadah 
its the MOTHERFUCKIN dre dr dre MOTHERFUCKER 
what what what what ",2,2
thenextepisode,drdre,hiphop,"ladadadadah 
its the MOTHERFUCKIN dre dr dre MOTHERFUCKER 
what what what what ",2,2
thenextepisode,drdre,hiphop,"you know im mobbin with the dodoubleg 
straight off the FUCKIN streets of cpt 
king of the beats you ride to em in your fleet fleetwood ",2,2
thenextepisode,drdre,hiphop,"or coupe deville rollin on dubs 
how you feel whoopty whoop NIGGA what 
dre and snoop chronicd out in the lac in the lac ",2,2
thenextepisode,drdre,hiphop,"south central out to the west side west sideits california love 
this california bud got a NIGGA gang of pub 
im on one i might bail up in the century club ",2,2
thenextepisode,drdre,hiphop,"get my drink on and my smoke on 
then go home with somethin to poke on sup BITCH 
loc its on for the twotripleoh ",2,2
thenextepisode,drdre,hiphop,"hold up hey 
for my NIGGAS who be thinkin we soft we dont play 
we gon rock it til the wheels fall off ",2,2
thenextepisode,drdre,hiphop,"hold up hey 
for my NIGGAS who be actin too bold take a seat 
hope you ready for the next episode ",2,2
seeyouagain,wizkhalifa,hiphop," wiz khalifa 
DAMN who knew 
all the planes we flew good things we been through ",2,2
everybody,nickiminaj,hiphop,"mm 
aint gang if you let SHIT slide 
aint bad if you gotta dick ride ",2,2
everybody,nickiminaj,hiphop,"aint gang if you let shit slide 
aint bad if you gotta DICK ride 
big guns and a lot of zip ties ",2,2
everybody,nickiminaj,hiphop,"we gon spin and kill everybody 
these BITCHES FUCK everybody 
a nigga tellin on everybody ",3,3
everybody,nickiminaj,hiphop,"we gon spin and kill everybody 
these BITCHES FUCK everybody 
a nigga tellin on everybody ",3,3
everybody,nickiminaj,hiphop,"these bitches fuck everybody 
a NIGGA tellin on everybody 
oh move your feet and feel u ",3,3
everybody,nickiminaj,hiphop,"we gon spin and kill everybody 
these BITCHES FUCK everybody 
a nigga tellin on everybody ",3,3
everybody,nickiminaj,hiphop,"we gon spin and kill everybody 
these BITCHES FUCK everybody 
a nigga tellin on everybody ",3,3
everybody,nickiminaj,hiphop,"these bitches fuck everybody 
a NIGGA tellin on everybody 
oh ayo move your feet and feel u ",3,3
everybody,nickiminaj,hiphop,"oh ayo move your feet and feel u 
all these BITCHES on my body 
spent another bag on my body ",2,2
everybody,nickiminaj,hiphop,"spent another bag on my body 
nah NIGGA you aint FUCKED a new body 
every whip heavy on it new body ",3,2
everybody,nickiminaj,hiphop,"spent another bag on my body 
nah NIGGA you aint FUCKED a new body 
every whip heavy on it new body ",3,3
everybody,nickiminaj,hiphop,"we gon spin and kill everybody 
these BITCHES FUCK everybody 
a nigga tellin on everybody ",3,3
everybody,nickiminaj,hiphop,"we gon spin and kill everybody 
these BITCHES FUCK everybody 
a nigga tellin on everybody ",3,3
everybody,nickiminaj,hiphop,"these bitches fuck everybody 
a NIGGA tellin on everybody 
oh move your feet and feel u ",3,3
everybody,nickiminaj,hiphop,"we gon spin and kill everybody 
these BITCHES FUCK everybody 
a nigga tellin on everybody ",3,3
everybody,nickiminaj,hiphop,"we gon spin and kill everybody 
these BITCHES FUCK everybody 
a nigga tellin on everybody ",3,3
everybody,nickiminaj,hiphop,"these bitches fuck everybody 
a NIGGA tellin on everybody 
oh move your feet and feel u ",3,3
everybody,nickiminaj,hiphop,"hollow points gonna go through your body 
washin them BITCHES bath and body 
he be kissin all over my body ",2,2
everybody,nickiminaj,hiphop,"he be kissin all over my body 
get his DICK stiffer than a roll body 
nother year nother vince lom body ",2,2
everybody,nickiminaj,hiphop,"we gon spin and kill everybody this aint what you want 
these BITCHES FUCK everybody this aint what you want 
a nigga tellin on everybody this aint what you want ",3,3
everybody,nickiminaj,hiphop,"we gon spin and kill everybody this aint what you want 
these BITCHES FUCK everybody this aint what you want 
a nigga tellin on everybody this aint what you want ",3,3
everybody,nickiminaj,hiphop,"these bitches fuck everybody this aint what you want 
a NIGGA tellin on everybody this aint what you want 
oh move your feet and feel u this aint what you want ",3,3
everybody,nickiminaj,hiphop,"we gon spin and kill everybody this aint what you want 
these BITCHES FUCK everybody this aint what you want 
a nigga tellin on everybody this aint what you want ",3,3
everybody,nickiminaj,hiphop,"we gon spin and kill everybody this aint what you want 
these BITCHES FUCK everybody this aint what you want 
a nigga tellin on everybody this aint what you want ",3,3
everybody,nickiminaj,hiphop,"these bitches fuck everybody this aint what you want 
a NIGGA tellin on everybody this aint what you want 
oh move your feet and feel u ",3,3
everybody,nickiminaj,hiphop,"they dont even know my body woah 
all my BITCHES get jealous body 
buy em all a bbl fore they got a body ",2,2
everybody,nickiminaj,hiphop,"one two three four five just throwin my high body 
beat so hard that a NIGGA might die move your feet and 
damn ",2,2
everybody,nickiminaj,hiphop,"beat so hard that a nigga might die move your feet and 
DAMN 
dddont stop the beat dont stop the beat this aint what you want ah ",2,2
everybody,nickiminaj,hiphop,"dddont stop the beat dont stop the beat this aint what you want ah 
all of my BITCHES get jealous dddont stop the beat dont stop the beat haha 
like an old school girl im still rockin them pelles dddont stop the beat dont stop the beat haha ",2,2
everybody,nickiminaj,hiphop,"like an old school girl im still rockin them pelles dddont stop the beat dont stop the beat haha 
got a young BITCH like a NIGGA own belly dddont stop the beat dont stop the beat haha 
himalayan pussy worth way more than the cali dddont stop the beat dont stop haha ",2,2
everybody,nickiminaj,hiphop,"like an old school girl im still rockin them pelles dddont stop the beat dont stop the beat haha 
got a young BITCH like a NIGGA own belly dddont stop the beat dont stop the beat haha 
himalayan pussy worth way more than the cali dddont stop the beat dont stop haha ",2,2
everybody,nickiminaj,hiphop,"got a young bitch like a nigga own belly dddont stop the beat dont stop the beat haha 
himalayan PUSSY worth way more than the cali dddont stop the beat dont stop haha 
good coochie worth way more than a what dont stop dont stop woah ",2,2
everybody,nickiminaj,hiphop,"good coochie worth way more than a what dont stop dont stop woah 
i like to see it from the front when i look at your BUTT dont stop dont stop 
she got the junk in her trunk thats the reason why im cuffed dont stop dont stop ",2,2
everybody,nickiminaj,hiphop,"i dont even care if my opp really my cousin dont stop dont stop 
all of my NIGGAS dont stop they slide with the button lets go lets go brrt brrt 
we gon spin and kill everybody ",2,2
everybody,nickiminaj,hiphop,"we gon spin and kill everybody 
these BITCHES FUCK everybody 
a nigga tellin on everybody ",3,3
everybody,nickiminaj,hiphop,"we gon spin and kill everybody 
these BITCHES FUCK everybody 
a nigga tellin on everybody ",3,3
everybody,nickiminaj,hiphop,"these bitches fuck everybody 
a NIGGA tellin on everybody 
oh move your feet and feel u ",3,3
everybody,nickiminaj,hiphop,"we gon spin and kill everybody 
these BITCHES FUCK everybody 
a nigga tellin on everybody ",3,3
everybody,nickiminaj,hiphop,"we gon spin and kill everybody 
these BITCHES FUCK everybody 
a nigga tellin on everybody ",3,3
everybody,nickiminaj,hiphop,"these bitches fuck everybody 
a NIGGA tellin on everybody 
oh move your feet and feel u ",3,3
milliondollarbaby,tommyrichman,hiphop,"im a million dollar baby mm mm mm 
dont at me yeah HELL nah yeah yeah yeah 
you rep my city for so damn long ah ah ",3,3
milliondollarbaby,tommyrichman,hiphop,"dont at me yeah hell nah yeah yeah yeah 
you rep my city for so DAMN long ah ah 
but you still dont notice me my sound next mm mm mm ",2,2
milliondollarbaby,tommyrichman,hiphop,"im a million dollar baby mm mm mm 
dont at me yeah HELL nah 
hellhell nah ",3,3
hypnotize,notoriousbig,hiphop,"ha sicker than your average poppa twist cabbage off instinct 
NIGGAS dont think SHIT stink 
pink gators my detroit players ",2,2
hypnotize,notoriousbig,hiphop,"ha sicker than your average poppa twist cabbage off instinct 
NIGGAS dont think SHIT stink 
pink gators my detroit players ",2,2
hypnotize,notoriousbig,hiphop,"bang every mc easily busily 
recently NIGGAS frontin aint sayin nothin nothin 
so i just speak my piece keep my peace come on ",2,2
hypnotize,notoriousbig,hiphop,"cubans with the jesus piece with my peeps thank you 
packin askin who want it you got it NIGGA flaunt it 
that brooklyn bullshit we on it ",1,1
hypnotize,notoriousbig,hiphop,"every cutie with a booty bought a coogi 
now whos the real dookie meaning whos really the SHIT 
them niggas ride dicks frank white push the six ",1,1
hypnotize,notoriousbig,hiphop,"now whos the real dookie meaning whos really the shit 
them NIGGAS ride dicks frank white push the six 
or the lexus lx four and a half ",2,2
hypnotize,notoriousbig,hiphop,"or the lexus lx four and a half 
bulletproof glass tints if i want some ASS 
gonna blast squeeze first ask questions last ",2,2
hypnotize,notoriousbig,hiphop,"thats how most of these socalled gangsters pass 
at last a NIGGA rappin about blunts and broads 
tits and bras mãnage ã  trois sex in expensive cars ",2,2
hypnotize,notoriousbig,hiphop,"at last a nigga rappin about blunts and broads 
TITS and bras mãnage ã  trois SEX in expensive cars 
ill still leave you on the pavement ",2,2
hypnotize,notoriousbig,hiphop,"at last a nigga rappin about blunts and broads 
TITS and bras mãnage ã  trois SEX in expensive cars 
ill still leave you on the pavement ",2,2
hypnotize,notoriousbig,hiphop,"face it not guilty thats how i stay filthy not guilty 
richer than richie til you NIGGAS come and get me come on 
biggie biggie biggie cant you see ",2,2
hypnotize,notoriousbig,hiphop,"guess thats why theyre broke and youre so paid 
i can fill you with real millionaire SHIT i can fill ya 
escargot my car go onesixty swiftly come on ",2,2
hypnotize,notoriousbig,hiphop,"your crew runrunrun your crew runrun 
i know you sick of this name brand NIGGA with 
flows girls say hes sweet like licorice ",2,2
hypnotize,notoriousbig,hiphop,"flows girls say hes sweet like licorice 
so get with this NIGGA its easy uhhuh 
girlfriend heres a pen call me round ten ",2,2
hypnotize,notoriousbig,hiphop,"girlfriend heres a pen call me round ten 
come through have SEX on rugs thats persian thats right 
come up to your job hit you while you workin ",2,2
hypnotize,notoriousbig,hiphop,"for certain poppa freakin not speakin 
leave that ASS leakin like rapper demo 
tell them ho take their clothes off slowly slowly ",2,2
hypnotize,notoriousbig,hiphop,"hit em with the force like obi obi 
DICK black like toby toby 
watch me roam like romey romey ",2,2
likethat,future,hiphop,"
gotta fire my joint up on this BITCH 
young metro young metro young metro three times ",2,2
likethat,future,hiphop,"stickin to the code all these hoes for the streets 
i put it in her nose its gon make her PUSSY leak 
pussy niggas told aint gon wake up out their sleep ",2,2
likethat,future,hiphop,"i put it in her nose its gon make her pussy leak 
PUSSY NIGGAS told aint gon wake up out their sleep 
you cant hear that switch but you can hear them niggas scream ",3,3
likethat,future,hiphop,"i put it in her nose its gon make her pussy leak 
PUSSY NIGGAS told aint gon wake up out their sleep 
you cant hear that switch but you can hear them niggas scream ",3,3
likethat,future,hiphop,"pussy niggas told aint gon wake up out their sleep 
you cant hear that switch but you can hear them NIGGAS scream 
all my hoes do shrooms nigga all my hoes do coke ",2,2
likethat,future,hiphop,"you cant hear that switch but you can hear them niggas scream 
all my hoes do shrooms NIGGA all my hoes do coke 
twentycarat ring i put my fingers down her throat uh uh uh ",2,2
likethat,future,hiphop,"i know she gon swallow she a goat uh uh uh 
freeband NIGGA bring the racks in 
got the shooters in the corner like the pack in ",2,2
likethat,future,hiphop,"got the shooters in the corner like the pack in 
she think cause she exotic BITCH she attractive 
thats that shitll get you put up out the section brrt ",1,1
likethat,future,hiphop,"ball like i won a championship game 
you know these hoes hungry theyre gon FUCK for a name 
i put her on the gang she get fucked for a chain ",2,2
likethat,future,hiphop,"you know these hoes hungry theyre gon fuck for a name 
i put her on the gang she get FUCKED for a chain 
got your girl in this bitch she twirlin on the dick ",2,2
likethat,future,hiphop,"i put her on the gang she get fucked for a chain 
got your girl in this BITCH she twirlin on the DICK 
i got syrup in this bitch turn up in this bitch ",2,2
likethat,future,hiphop,"i put her on the gang she get fucked for a chain 
got your girl in this BITCH she twirlin on the DICK 
i got syrup in this bitch turn up in this bitch ",2,2
likethat,future,hiphop,"got your girl in this bitch she twirlin on the dick 
i got syrup in this BITCH turn up in this BITCH 
and we brought the ercs in this bitch get murked in this bitch ",2,2
likethat,future,hiphop,"i got syrup in this bitch turn up in this bitch 
and we brought the ercs in this BITCH get murked in this BITCH 
all these pointers on me baby you know its game time ",2,2
likethat,future,hiphop,"all these pointers on me baby you know its game time 
bring a friend BITCH we FUCKED em at the same time 
im a different nigga no we not the same kind ",2,2
likethat,future,hiphop,"all these pointers on me baby you know its game time 
bring a friend BITCH we FUCKED em at the same time 
im a different nigga no we not the same kind ",2,2
likethat,future,hiphop,"bring a friend bitch we fucked em at the same time 
im a different NIGGA no we not the same kind 
you can have that littleâif she aint mine yeah ",2,2
likethat,future,hiphop,"kickin doors kickin in doors is you like that yeah 
young throwed NIGGA sellin loads is you like that yeah 
all 24 you on go is you like that if you like that ",2,2
likethat,future,hiphop,"all 24 you on go is you like that if you like that 
NIGGAS from the bottom really like that if you like that 
steppin in balencis if you like that if you like that ",3,3
likethat,future,hiphop,"he was once a thug from around the way 
these NIGGAS talkin out of their necks 
dont pull no coffin out of your mouth im way too paranoid for a threat ",2,2
likethat,future,hiphop,"okay lets get it up its time for him to prove that hes a problem 
NIGGAS clickin up but cannot be legit no 40 water tell em 
ah yeah huh yeah get up with me ",2,2
likethat,future,hiphop,"ah yeah huh yeah get up with me 
FUCK sneak dissin firstperson shooter i hope they came with three switches 
i crash out like fuck rap diss melle mel if i had to ",3,3
likethat,future,hiphop,"fuck sneak dissin firstperson shooter i hope they came with three switches 
i crash out like FUCK rap diss melle mel if i had to 
got 2teez with me im snatchin chains and burnin tattoos its up ",2,2
likethat,future,hiphop,"think i wont drop the location i still got ptsd 
MOTHERFUCK the big three NIGGA its just big me 
nigga bum ",2,2
likethat,future,hiphop,"think i wont drop the location i still got ptsd 
MOTHERFUCK the big three NIGGA its just big me 
nigga bum ",2,2
likethat,future,hiphop,"motherfuck the big three nigga its just big me 
NIGGA BUM 
what im really like that ",3,3
likethat,future,hiphop,"motherfuck the big three nigga its just big me 
NIGGA BUM 
what im really like that ",2,2
likethat,future,hiphop,"and your best work is a light pack 
NIGGA prince outlived mike jack 
nigga bum ",3,3
likethat,future,hiphop,"nigga prince outlived mike jack 
NIGGA BUM 
fore all your dogs gettin buried ",3,3
likethat,future,hiphop,"nigga prince outlived mike jack 
NIGGA BUM 
fore all your dogs gettin buried ",3,3
likethat,future,hiphop,"thats a k with all these nines he gon see pet sematary yeah 
NIGGA BUM 
young dope dealer sellin dope is you like that if you like that yeah yeah ",3,3
likethat,future,hiphop,"thats a k with all these nines he gon see pet sematary yeah 
NIGGA BUM 
young dope dealer sellin dope is you like that if you like that yeah yeah ",3,3
likethat,future,hiphop,"kickin doors kickin in doors is you like that how yeah 
young throwed NIGGA sellin loads is you like that holy water holy water yeah 
all 24 you on go is you like that if you like that ",2,2
likethat,future,hiphop,"all 24 you on go is you like that if you like that 
NIGGAS from the bottom really like that if you like that 
steppin in balencis if you like that if you like that ",3,3
likethat,future,hiphop,"kickin doors kickin in doors is you like that 
young throwed NIGGA sellin loads is you like that 
all 24 you on go is you like that if you like that ",2,2
likethat,future,hiphop,"all 24 you on go is you like that if you like that 
NIGGAS from the bottom really like that if you like that 
steppin in balencis if you like that if you like that ",3,3
likethat,future,hiphop,"he was once a thug he was he 
came in banging dope NIGGAS was young slangin powder 
walk in the strip club make it rain for three hours ",2,2
likethat,future,hiphop,"hundred thousands i just cashed out on designer 
gotta devour NIGGA i learned that in the jungle 
once i sell this load thats a million in a week",2,2
rightround,florida,hiphop,"popping these bottles touching these models 
watching they ASSES go 
down down down ",2,2
whistle,florida,hiphop,"thats just how we live in my genre genre 
who in the HELL done paved the road wider 
theres only one flo and one rida ",2,2
whistle,florida,hiphop,"theres only one flo and one rida 
im a DAMN shame order more champagne 
pulling them hamstrings tryna put it on ya ",2,2
yeah,usher,hiphop,"she asks for one more dance and im like yeah 
how the HELL am i supposed to leave 
lets go bring the beat back and i say ",2,2
players,coileray,hiphop,"cause girls is players too 
BITCHES gettin money all around the world cause girls is players too 
what you know about livin on the top ",2,2
players,coileray,hiphop,"time is money so i spent it on a watch 
hold on lil TITTIES showin through the white tee 
you can see the thong bustin out my tight jeans okay ",2,2
players,coileray,hiphop,"you can see the thong bustin out my tight jeans okay 
rocks on my fingers like a NIGGA wifed me 
got another shorty she aint nothin like me ",2,2
players,coileray,hiphop,"cause girls is players too 
BITCHES gettin money all around the world cause girls is players too 
i go on and on and on again ",2,2
players,coileray,hiphop,"uh came a long way from rag to riches 
fivestar BITCH yeah i taste so delicious 
let him lick the plate yeah i make him do the dishes ",1,1
players,coileray,hiphop,"let him lick the plate yeah i make him do the dishes 
now he on news 12 cause a BITCH went missin sheesh 
yeah bout to catch another flight ",2,2
players,coileray,hiphop,"cause girls is players too 
BITCHES gettin money all around the world cause girls is players too
",2,2
jumparound,houseofpain,hiphop,"jump  18x 
ill serve your ASS like john mcenroe 
if your girl steps up im smacking the ho ",2,2
jumparound,houseofpain,hiphop,"trying to play me out like as if my name was sega 
but i aint going out like no punk BITCH 
get used to one style and yo and i might switch ",2,3
iknow,travisscott,hiphop,"its 5 am and im drunk right now 
tell me can we still FUCK FUCK that SHIT 
one of one im in the zone right now ",3,3
iknow,travisscott,hiphop,"its 5 am and im drunk right now 
tell me can we still FUCK FUCK that SHIT 
one of one im in the zone right now ",3,3
iknow,travisscott,hiphop,"baby i dont wanna sound righteous yeah 
i got twenty BITCHES suckin like bisons 
i just eeny meeny miney roll the dices i pick her pop it pop it ",2,2
iknow,travisscott,hiphop,"its 5 am and im drunk right now 
tell me can we still FUCK FUCK that SHIT 
one of one im in the zone right now ",3,3
iknow,travisscott,hiphop,"its 5 am and im drunk right now 
tell me can we still FUCK FUCK that SHIT 
one of one im in the zone right now ",3,3
iknow,travisscott,hiphop,"you said its just the drugs and i know 
i know i know i know i know i know i know ooh its the kid know it DAMN it 
i lied too way before before how they feelin how they feelin right here ooh ",2,2
iknow,travisscott,hiphop,"i turned my whole spot to crucial its crucial the way i left its lit 
upstairs is like a low my new BITCHES be the best lets go 
im lookin at her when her startin to turn into you her ",1,1
iknow,travisscott,hiphop,"im lookin at her when her startin to turn into you her 
now you startin to FUCK up my mind is it you is it her 
we brought booby trap to the burbs ",3,3
iknow,travisscott,hiphop,"i dont make it squeak make it squirt 
i make this SHIT beat bon appãtit when i feast 
slippin and slide through the streets ",2,2
iknow,travisscott,hiphop,"its 5 am and im drunk right now 
tell me can we still FUCK FUCK that SHIT 
one of one im in the zone right now ",3,3
iknow,travisscott,hiphop,"its 5 am and im drunk right now 
tell me can we still FUCK FUCK that SHIT 
one of one im in the zone right now ",3,3
indaclub,50cent,hiphop,"and we gon sip bacardi like its your birthday 
and you know we dont give a FUCK its not your birthday 
you can find me in the club bottle full of bub ",3,3
indaclub,50cent,hiphop,"look mami i got the x if youre into takin drugs 
im into havin SEX i aint into makin love 
so come give me a hug if youre into gettin rubbed ",2,2
indaclub,50cent,hiphop,"look mami i got the x if youre into takin drugs 
im into havin SEX i aint into makin love 
so come give me a hug if youre into gettin rubbed ",2,2
indaclub,50cent,hiphop,"when i roll twenty deep its twenty knives in the club yeah 
NIGGAS heard i FUCK with dre now they wanna show me love 
when you sell like eminem and the hoes they wanna fuck woo ",1,2
indaclub,50cent,hiphop,"when i roll twenty deep its twenty knives in the club yeah 
NIGGAS heard i FUCK with dre now they wanna show me love 
when you sell like eminem and the hoes they wanna fuck woo ",1,1
indaclub,50cent,hiphop,"niggas heard i fuck with dre now they wanna show me love 
when you sell like eminem and the hoes they wanna FUCK woo 
look homie aint nothin changed hoes down gs up ",2,2
indaclub,50cent,hiphop,"look homie aint nothin changed hoes down gs up 
i see xzibit in the cut hey NIGGA roll that weed up roll it 
if you watch how i move youll mistake me for a player or pimp ",2,2
indaclub,50cent,hiphop,"look mami i got the x if youre into takin drugs 
im into havin SEX i aint into makin love 
so come give me a hug if youre into gettin rubbed ",2,2
indaclub,50cent,hiphop,"look mami i got the x if youre into takin drugs 
im into havin SEX i aint into makin love 
so come give me a hug if youre into gettin rubbed rubbed ",2,2
indaclub,50cent,hiphop,"my crib my cars my clothes my jewels 
look NIGGA i done came up and i aint changed what what yeah 
and you should love it way more than you hate it ",2,2
indaclub,50cent,hiphop,"and you should love it way more than you hate it 
NIGGA you mad i thought that youd be happy i made it woo 
im that cat by the bar toastin to the good life ",2,2
indaclub,50cent,hiphop,"im that cat by the bar toastin to the good life 
you that faggotass NIGGA tryin to pull me back right 
when my joint get to pumpin in the club its on ",2,2
indaclub,50cent,hiphop,"when my joint get to pumpin in the club its on 
i wink my eye at yo BITCH if she smiles she gone 
if the roof on fire let the motherfucker burn ",2,2
indaclub,50cent,hiphop,"i wink my eye at yo bitch if she smiles she gone 
if the roof on fire let the MOTHERFUCKER burn 
if you talkin about money homie i aint concerned ",3,3
indaclub,50cent,hiphop,"cuz go head switch the style up 
if NIGGAS hate then let them hate and watch the money pile up 
or we can go upside your head with a bottle of bub ",3,3
indaclub,50cent,hiphop,"or we can go upside your head with a bottle of bub 
they know where we FUCKIN be 
you can find me in the club bottle full of bub ",2,2
indaclub,50cent,hiphop,"look mami i got the x if youre into takin drugs 
im into havin SEX i aint into makin love 
so come give me a hug if youre into gettin rubbed ",2,2
indaclub,50cent,hiphop,"look mami i got the x if youre into takin drugs 
im into havin SEX i aint into makin love 
so come give me a hug if youre into gettin rubbed hahahaha ",2,2
indaclub,50cent,hiphop,"so come give me a hug if youre into gettin rubbed hahahaha 
dont try to act like you dont know where we be neither NIGGA 
we in the club all the time nigga so pop pop off nigga ",2,2
indaclub,50cent,hiphop,"dont try to act like you dont know where we be neither nigga 
we in the club all the time NIGGA so pop pop off NIGGA 
gunit",2,2
redrum,21savage,hiphop,"want it all i wont leave a breadcrumb 
BITCH what i thought a NIGGA said sum 
thought a nigga said sum ",2,2
redrum,21savage,hiphop,"want it all i wont leave a breadcrumb 
BITCH what i thought a NIGGA said sum 
thought a nigga said sum ",2,2
redrum,21savage,hiphop,"bitch what i thought a nigga said sum 
thought a NIGGA said sum 
g block all we know is redrum ",2,2
redrum,21savage,hiphop,"redrum redrum redrum redrum 
NIGGA all we know isâ redrum 
ridin in the back its a may its a may ",2,2
redrum,21savage,hiphop,"hypnotize they do what i say what i say 
21 NIGGAS dont play dont play 
my glock gen5 said hey said hey ",2,2
redrum,21savage,hiphop,"take my chopper everywhere thats bae thats bae 
get yo ASS out the car you givin trade giving trade 
we been spinnin through they hood all day all day ",2,2
redrum,21savage,hiphop,"we been spinnin through they hood all day all day 
NIGGAS say they outside okay okay 
i cant let a bitch play me no way no way ",2,2
redrum,21savage,hiphop,"niggas say they outside okay okay 
i cant let a BITCH play me no way no way 
you a duck if you believe what ho say what ho say ",3,3
redrum,21savage,hiphop,"my lil brother beat his body oj oj 
NIGGAS talkin bout they lit im la flame PUSSY 
that lil boy a mascot he aint gang pussy ",2,2
redrum,21savage,hiphop,"my lil brother beat his body oj oj 
NIGGAS talkin bout they lit im la flame PUSSY 
that lil boy a mascot he aint gang pussy ",2,2
redrum,21savage,hiphop,"niggas talkin bout they lit im la flame pussy 
that lil boy a mascot he aint gang PUSSY 
watch a half a million dollars and its plain pussy ",2,2
redrum,21savage,hiphop,"that lil boy a mascot he aint gang pussy 
watch a half a million dollars and its plain PUSSY 
i dont go through tsa to get on planes pussy ",2,2
redrum,21savage,hiphop,"watch a half a million dollars and its plain pussy 
i dont go through tsa to get on planes PUSSY 
you get pussy without head then you lame pussy ",2,2
redrum,21savage,hiphop,"i dont go through tsa to get on planes pussy 
you get PUSSY without head then you lame PUSSY 
she knew i was leavin fore i even came pussy ",3,3
redrum,21savage,hiphop,"you get pussy without head then you lame pussy 
she knew i was leavin fore i even came PUSSY 
two revolvers on my waist john wayne pussy ",2,2
redrum,21savage,hiphop,"she knew i was leavin fore i even came pussy 
two revolvers on my waist john wayne PUSSY 
smack niggas then i get on live and sing yeah ",2,2
redrum,21savage,hiphop,"two revolvers on my waist john wayne pussy 
smack NIGGAS then i get on live and sing yeah 
want it all i wont leave a breadcrumb ",3,3
redrum,21savage,hiphop,"want it all i wont leave a breadcrumb 
BITCH what i thought a NIGGA said sum 
thought a nigga said sum ",2,2
redrum,21savage,hiphop,"want it all i wont leave a breadcrumb 
BITCH what i thought a NIGGA said sum 
thought a nigga said sum ",2,2
redrum,21savage,hiphop,"bitch what i thought a nigga said sum 
thought a NIGGA said sum 
g block all we know is redrum ",2,2
redrum,21savage,hiphop,"redrum redrum redrum redrum 
NIGGA all we know isâ redrum 
how many niggas got the belt a lot ",2,2
redrum,21savage,hiphop,"nigga all we know isâ redrum 
how many NIGGAS got the belt a lot 
catch em at the light he get nailed bow ",2,2
redrum,21savage,hiphop,"911 somebody help 
subtweeting bad for your health PUSSY 
im a gangster i aint takin shit back pussy ",2,2
redrum,21savage,hiphop,"subtweeting bad for your health pussy 
im a gangster i aint takin SHIT back PUSSY 
ill never do no song with no rat pussy ",2,2
redrum,21savage,hiphop,"subtweeting bad for your health pussy 
im a gangster i aint takin SHIT back PUSSY 
ill never do no song with no rat pussy ",2,2
redrum,21savage,hiphop,"im a gangster i aint takin shit back pussy 
ill never do no song with no rat PUSSY 
put a lego in a stick it ratatat pussy ",3,3
redrum,21savage,hiphop,"ill never do no song with no rat pussy 
put a lego in a stick it ratatat PUSSY 
i dont wanna talk go and catch a hat pussy ",3,3
redrum,21savage,hiphop,"put a lego in a stick it ratatat pussy 
i dont wanna talk go and catch a hat PUSSY 
big draco come up out that scat pussy ",2,2
redrum,21savage,hiphop,"i dont wanna talk go and catch a hat pussy 
big draco come up out that scat PUSSY 
he stood on business now he layin on his back pussy ",2,2
redrum,21savage,hiphop,"big draco come up out that scat pussy 
he stood on business now he layin on his back PUSSY 
ask around i be rappin nothin but facts pussy ",3,3
redrum,21savage,hiphop,"he stood on business now he layin on his back pussy 
ask around i be rappin nothin but facts PUSSY 
we the reason all these niggas runnin track pussy on god ",1,2
redrum,21savage,hiphop,"ask around i be rappin nothin but facts pussy 
we the reason all these NIGGAS runnin track PUSSY on god 
you aint never stepped you cant tell me a thing 21 ",2,2
redrum,21savage,hiphop,"ask around i be rappin nothin but facts pussy 
we the reason all these NIGGAS runnin track PUSSY on god 
you aint never stepped you cant tell me a thing 21 ",2,2
redrum,21savage,hiphop,"i aint let it slide i was sharpenin aim 
smokin on my brothers got his ASS left slain 
you know its smoke cause they aint even take off his chain ",2,2
redrum,21savage,hiphop,"you know its smoke cause they aint even take off his chain 
say its up with me your ASS must do cocaine 21 21 
want it all i wont leave a breadcrumb ",2,2
redrum,21savage,hiphop,"want it all i wont leave a breadcrumb 
BITCH what i thought a NIGGA said sum 
thought a nigga said sum ",2,2
redrum,21savage,hiphop,"want it all i wont leave a breadcrumb 
BITCH what i thought a NIGGA said sum 
thought a nigga said sum ",2,2
redrum,21savage,hiphop,"bitch what i thought a nigga said sum 
thought a NIGGA said sum 
g block all we know is redrum ",2,2
redrum,21savage,hiphop,"redrum redrum redrum redrum 
NIGGA all we know isâ redrum 
little pigs ",2,2
readyornot,fugees,hiphop,"i can do what you do easy believe me 
frontin NIGGAS give me heebeegeebees 
so while youre imitating al capone ",3,3
lovethewayyoulie,eminem,hiphop,"and right before im about to drown she resuscitates me 
she FUCKING hates me and i love it 
wait where you going ",3,3
lovethewayyoulie,eminem,hiphop,"yeah them chills used to get em 
now youre getting FUCKING sick of looking at em 
you swore youd never hit em never do nothing to hurt em ",3,3
lovethewayyoulie,eminem,hiphop,"look me in the eyeball 
next time im PISSED ill aim my fist at the drywall 
next time there wont be no next time ",3,3
lovethewayyoulie,eminem,hiphop,"i know im a liar 
if she ever tries to FUCKING leave again 
imma tie her to the bed and set this house on fire ",2,2
illbemissingyou,puffdaddy,hiphop,"every day i wake up i hope im dreamin 
i cant believe this SHIT 
cant believe you aint here ",3,3
illbemissingyou,puffdaddy,hiphop,"cant believe you aint here 
sometimes its just hard for a NIGGA to wake up 
its hard to just keep goin ",2,2
illbemissingyou,puffdaddy,hiphop,"i would do anything man to bring you back 
id give all this SHIT SHIT the whole lot 
i saw your son today he look just like you ",2,2
pumpit,blackeyedpeas,hiphop," william 
NIGGAS wanna hate on us who 
niggas be envious who ",3,3
pumpit,blackeyedpeas,hiphop,"niggas wanna hate on us who 
NIGGAS be envious who 
i know why they hate on us why ",3,3
pumpit,blackeyedpeas,hiphop,"monkey business outrageous 
just confess it your girl admits that we the SHIT 
fresh we fresh ",1,1
pumpit,blackeyedpeas,hiphop,"then the a to the s 
when we play you shake your ASS 
shake it shake it ",2,2
pumpit,blackeyedpeas,hiphop," william fergie 
DAMN DAMN 
damn damn ",2,2
pumpit,blackeyedpeas,hiphop,"damn damn 
DAMN DAMN 
damn damn ",2,2
pumpit,blackeyedpeas,hiphop,"damn damn 
DAMN DAMN 
damn damn ",2,2
pumpit,blackeyedpeas,hiphop,"damn damn 
DAMN DAMN 
damn damn ",2,2
pumpit,blackeyedpeas,hiphop,"damn damn 
DAMN DAMN 
 apldeap ",2,2
fightforyourright,beastieboys,hiphop,"man living at home is such a drag 
now your mom threw away your best PORNO mag 
busted ",2,2
allmylife,lildurk,hiphop,"
durkio told me he been on some positive SHIT yeah yeah 
lately i just wanna show up and body some shit yeah yeah ",1,1
allmylife,lildurk,hiphop,"durkio told me he been on some positive shit yeah yeah 
lately i just wanna show up and body some SHIT yeah yeah 
always been a little mathematician ",1,1
allmylife,lildurk,hiphop,"remember when cops harassed 
talkin out my ASS 
boy you aint shit but a bitch with a badge ",3,3
allmylife,lildurk,hiphop,"talkin out my ass 
boy you aint SHIT but a BITCH with a badge 
all my life ",3,3
allmylife,lildurk,hiphop,"talkin out my ass 
boy you aint SHIT but a BITCH with a badge 
all my life ",3,3
allmylife,lildurk,hiphop,"went to jail they was chaining me up 
and you know that im famous as FUCK 
see how you gon joke about stimulus ",1,1
allmylife,lildurk,hiphop,"they been tryna keep me down 
firstgeneration ghetto NIGGA 
cole world hello niggas ",3,3
allmylife,lildurk,hiphop,"firstgeneration ghetto nigga 
cole world hello NIGGAS 
made it out the city with my head on straight ",2,2
allmylife,lildurk,hiphop,"made it out the city with my head on straight 
NIGGAS keep shooting up the lead out 
young jordan peele gotta get out ",2,2
allmylife,lildurk,hiphop,"young jordan peele gotta get out 
and the SHIT that i spit out 
is a cheat code like im facin a rico ",2,2
allmylife,lildurk,hiphop,"is a cheat code like im facin a rico 
and how a NIGGA put a hit out 
and another one and and another one ",2,2
allmylife,lildurk,hiphop,"i got like a hundred of em 
bout to lap NIGGAS so they think theyre ahead of me but im really in front of them 
now some of them fumbling their bags ",2,2
allmylife,lildurk,hiphop,"now some of them fumbling their bags 
FUCKIN up the little crumbs that they had 
a reminder to humble yourself this shit could be gone in an instant ",3,3
allmylife,lildurk,hiphop,"fuckin up the little crumbs that they had 
a reminder to humble yourself this SHIT could be gone in an instant 
me im running long distance ",1,1
allmylife,lildurk,hiphop,"got to playing his tunes all day in my room 
thinking DAMN 
this shit wicked to get their names buzzin ",1,1
allmylife,lildurk,hiphop,"thinking damn 
this SHIT wicked to get their names buzzin 
some niggas just gotta go lay in a tomb ",1,1
allmylife,lildurk,hiphop,"this shit wicked to get their names buzzin 
some NIGGAS just gotta go lay in a tomb 
and media thirsty for clicks ",3,3
allmylife,lildurk,hiphop,"most days 
FUCK em all like im going through a ho phase 
young nigga shoot out the whip like road rage ",3,3
allmylife,lildurk,hiphop,"fuck em all like im going through a ho phase 
young NIGGA shoot out the whip like road rage 
i pray all of my dogs stay so paid ",3,3
agorahills,dojacat,hiphop,"take you to a seedy place 
suck a little DICK in the bathroom 
who that man with the big strong hands ",2,2
agorahills,dojacat,hiphop,"who that man with the big strong hands 
on her ASS in the club with the paps baby thats you 
frontseat chillin with the window down ",2,2
agorahills,dojacat,hiphop,"get used to my fans looking at you 
FUCK what they heard i dont FUCK with them birds 
im a mean kitty dont get stabbed with the rat tooth ",2,2
agorahills,dojacat,hiphop,"im a mean kitty dont get stabbed with the rat tooth 
boys be mad that i dont FUCK incels 
girls hate too ",2,2
agorahills,dojacat,hiphop,"sorry i was taking a sip of my root beer 
cause love is pain but i need this SHIT 
we fuck too good when the bean kicks in ",2,2
agorahills,dojacat,hiphop,"cause love is pain but i need this shit 
we FUCK too good when the bean kicks in 
like fortnite ima need your skin ",1,1
agorahills,dojacat,hiphop,"like fortnite ima need your skin 
dont give a FUCK where the PENIS been 
boy youre the one youre the only man ",2,2
agorahills,dojacat,hiphop,"like fortnite ima need your skin 
dont give a FUCK where the PENIS been 
boy youre the one youre the only man ",2,2
agorahills,dojacat,hiphop,"holy cow youre the holy trin 
hold me down when a hole need DICK 
be my security its your therapy ",2,2
agorahills,dojacat,hiphop,"be my security its your therapy 
with you i aint holding SHIT back 
when i need my space you give that ",1,2
agorahills,dojacat,hiphop,"when they see us zoom by in the jeep 
we a whole DAMN joint we an energy 
baby we could just ride on our enemies ",1,2
themonster,eminem,hiphop,"give every kid who got played that 
pumped up feeling and SHIT to say back 
to the kids who played him ",2,2
themonster,eminem,hiphop,"to the kids who played him 
i aint here to save the FUCKING children 
but if one kid out of a hundred million ",3,2
pushit,saltnpepa,hiphop,"yeah you come here give me a kiss 
better make it fast or else im gonna get PISSED 
cant you hear the musics pumpin hard like i wish you would ",3,3
barbieworld,nickiminaj,hiphop,"like jazzie stacie nicki grrah 
all of the barbies is pretty DAMN 
all of the barbies is bad ",1,1
barbieworld,nickiminaj,hiphop,"im a barbie girl girl pink barbie dreamhouse 
the way ken be killin SHIT got me yellin out like the scream house woo 
yellin out we aint sellin out ",2,2
barbieworld,nickiminaj,hiphop,"i told tae bring the bob dylan out 
that PUSSY so cold we just chillin out 
they be yellin yellin yeyellin out ",2,2
barbieworld,nickiminaj,hiphop,"they be yellin yellin yeyellin out 
its barbie BITCH if you still in doubt oh 
and im bad like the barbie barbie ",1,1
barbieworld,nickiminaj,hiphop,"like jazzie stacie nicki grrah 
all of the barbies is pretty DAMN 
all of the barbies is bad ",1,1
barbieworld,nickiminaj,hiphop,"he wanna play in the playhouse playhouse 
the FUCK they gon say now grrah 
im washin these bitches im rubbin the stain out ",2,2
barbieworld,nickiminaj,hiphop,"the fuck they gon say now grrah 
im washin these BITCHES im rubbin the stain out 
like im ready to bend grrah ",3,3
barbieworld,nickiminaj,hiphop,"look where it led now ima put it to bed 
she a barbie BITCH with her barbie clique grrah 
i keep draggin her so she bald a bit damn ",1,1
barbieworld,nickiminaj,hiphop,"she a barbie bitch with her barbie clique grrah 
i keep draggin her so she bald a bit DAMN 
and i see the bread i want all of it damn ",1,1
barbieworld,nickiminaj,hiphop,"i keep draggin her so she bald a bit damn 
and i see the bread i want all of it DAMN 
and i want the green so i olive it grrah ",1,1
barbieworld,nickiminaj,hiphop,"and i throw it back so he losin it like 
and i give the box with no shoes in it DAMN 
yeah i know the trick so i got him bricked damn ",1,1
barbieworld,nickiminaj,hiphop,"and i give the box with no shoes in it damn 
yeah i know the trick so i got him bricked DAMN 
yeah they know who lit me and barbie bitch ",1,1
barbieworld,nickiminaj,hiphop,"yeah i know the trick so i got him bricked damn 
yeah they know who lit me and barbie BITCH 
and im bad like the barbie barbie ",1,1
barbieworld,nickiminaj,hiphop,"like jazzie stacie nicki grrah 
all of the barbies is pretty DAMN 
all of the barbies is bad ",1,1
beggin,madcon,hiphop,"why the bottom why da basement 
why we got good SHIT dont embrace it 
why the feel for da need to replace me ",1,1
iceicebaby,vanillaice,hiphop,"feasible rhymes that you can vision and feel 
conducted and formed this is a HELL of a concept 
we make it hype and you want to step ",2,2
iceicebaby,vanillaice,hiphop,"slice like a ninja cut like a razor blade 
so fast other djs say DAMN 
if rhyme was a drug id sell it by the gram ",2,2
lottery,missmulatto,hiphop,"sip me like wine ima pop it like bubbly 
a BITCH this fine make it hard not to love me 
cause this aah can change your life alone ",1,1
lottery,missmulatto,hiphop,"its a couple things that you gotta know lil baby 
i been that BITCH so they want whats mine 
like some js just dropped niggas waiting in line ",1,1
lottery,missmulatto,hiphop,"i been that bitch so they want whats mine 
like some js just dropped NIGGAS waiting in line 
you gotta work for this cant purchase this ",2,2
lottery,missmulatto,hiphop,"show me that youre really worthy of my services 
i keep a NIGGA on my arm where my purses is 
ooh you lookin at a centerfold ",2,2
lottery,missmulatto,hiphop,"playboy bunny wanna take me home 
bad BITCH from head to toe 
tryna fold me up and lick it like an envelope ",1,1
notlikeus,kendricklamar,hiphop,"ayy mustard on the beat ho 
deebo any rap NIGGA he a free throw 
man down call an amberlamps tell him breathe bro ",2,2
notlikeus,kendricklamar,hiphop,"man down call an amberlamps tell him breathe bro 
nail a NIGGA to the cross he walk around like teezo 
whats up with these jabroniass niggas tryna see compton ",2,2
notlikeus,kendricklamar,hiphop,"nail a nigga to the cross he walk around like teezo 
whats up with these jabroniass NIGGAS tryna see compton 
the industry can hate me fuck em all and they mama ",2,2
notlikeus,kendricklamar,hiphop,"whats up with these jabroniass niggas tryna see compton 
the industry can hate me FUCK em all and they mama 
how many opps you really got i mean its too many options ",3,3
notlikeus,kendricklamar,hiphop,"im finna pass on this body im john stockton 
beat your ASS and hide the bible if god watchin 
sometimes you gotta pop out and show niggas ",3,3
notlikeus,kendricklamar,hiphop,"beat your ass and hide the bible if god watchin 
sometimes you gotta pop out and show NIGGAS 
certified boogeyman im the one that up the score with em ",2,2
notlikeus,kendricklamar,hiphop,"walk him down whole time i know he got some ho in him 
pole on him extort SHIT bully death row on him 
say drake i hear you like em young ",3,3
notlikeus,kendricklamar,hiphop,"you better not ever go to cell block one 
to any BITCH that talk to him and they in love 
just make sure you hide your lil sister from him ",2,3
notlikeus,kendricklamar,hiphop,"certified lover boy certified pedophiles 
wop wop wop wop wop dot FUCK em up 
wop wop wop wop wop ima do my stuff ",3,3
notlikeus,kendricklamar,hiphop,"wop wop wop wop wop ima do my stuff 
why you trollin like a BITCH aint you tired 
tryna strike a chord and its probably a minor ",3,3
notlikeus,kendricklamar,hiphop,"they not like us they not like us they not like us 
you think the bay gon let you disrespect pac NIGGA 
i think that oakland show gon be your last stop nigga ",3,3
notlikeus,kendricklamar,hiphop,"you think the bay gon let you disrespect pac nigga 
i think that oakland show gon be your last stop NIGGA 
did cole foul i dont know why you still pretendin ",3,3
notlikeus,kendricklamar,hiphop,"did cole foul i dont know why you still pretendin 
what is the owl bird NIGGAS and bird BITCHES go 
the audience not dumb ",2,2
notlikeus,kendricklamar,hiphop,"did cole foul i dont know why you still pretendin 
what is the owl bird NIGGAS and bird BITCHES go 
the audience not dumb ",2,2
notlikeus,kendricklamar,hiphop,"rabbit hole is still deep i can go further i promise 
aint that somethin brad stands for BITCH and you malibu most wanted 
aint no law boy you ball boy fetch gatorade or somethin ",3,3
notlikeus,kendricklamar,hiphop,"aint no law boy you ball boy fetch gatorade or somethin 
since 2009 i had this BITCH jumpin 
you niggasll get a wedgie be flipped over your boxers ",3,3
notlikeus,kendricklamar,hiphop,"you niggasll get a wedgie be flipped over your boxers 
what ovo for the other vaginal option PUSSY 
nigga better straighten they posture got famous all up in compton ",3,3
notlikeus,kendricklamar,hiphop,"what ovo for the other vaginal option pussy 
NIGGA better straighten they posture got famous all up in compton 
might write this for the doctorate tell the pop star quit hidin ",2,2
notlikeus,kendricklamar,hiphop,"might write this for the doctorate tell the pop star quit hidin 
FUCK a caption want action no accident 
and im handson he fuck around get polished ",3,3
notlikeus,kendricklamar,hiphop,"fuck a caption want action no accident 
and im handson he FUCK around get polished 
fucked on wayne girl while he was in jail thats connivin ",3,3
notlikeus,kendricklamar,hiphop,"and im handson he fuck around get polished 
FUCKED on wayne girl while he was in jail thats connivin 
then get his face tatted like a bitch apologizin ",2,2
notlikeus,kendricklamar,hiphop,"fucked on wayne girl while he was in jail thats connivin 
then get his face tatted like a BITCH apologizin 
im glad deroz came home yall didnt deserve him neither ",3,3
notlikeus,kendricklamar,hiphop,"im glad deroz came home yall didnt deserve him neither 
from alondra down to central NIGGA better not speak on serena 
and your homeboy need subpoena that predator move in flocks ",2,2
notlikeus,kendricklamar,hiphop,"that name gotta be registered and placed on neighborhood watch 
i lean on you NIGGAS like another line of wock 
yeah its all eyes on me and ima send it up to pac ayy ",2,2
notlikeus,kendricklamar,hiphop,"devil is a lie he a 69 god ayy 
freakyass NIGGAS need to stay they ASS inside ayy 
roll they ass up like a fresh pack of za ayy ",3,3
notlikeus,kendricklamar,hiphop,"devil is a lie he a 69 god ayy 
freakyass NIGGAS need to stay they ASS inside ayy 
roll they ass up like a fresh pack of za ayy ",3,3
notlikeus,kendricklamar,hiphop,"freakyass niggas need to stay they ass inside ayy 
roll they ASS up like a fresh pack of za ayy 
city is back up its a must we outside ayy ",2,2
notlikeus,kendricklamar,hiphop,"you run to atlanta when you need a check balance 
let me break it down for you this the real NIGGA challenge 
you called future when you didnt see the club ayy what ",2,2
notlikeus,kendricklamar,hiphop,"you run to atlanta when you need a few dollars 
no you not a colleague you a FUCKIN colonizer 
the family matter and the truth for the matter ",3,3
notlikeus,kendricklamar,hiphop,"he a fan he a fan he a 
freakyass NIGGA he a 69 god 
freakyass nigga he a 69 god ",3,3
notlikeus,kendricklamar,hiphop,"freakyass nigga he a 69 god 
freakyass NIGGA he a 69 god 
hey hey hey hey run for your life ",3,3
notlikeus,kendricklamar,hiphop,"hey hey hey hey run for your life 
freakyass NIGGA he a 69 god 
freakyass nigga he a 69 god ",3,3
notlikeus,kendricklamar,hiphop,"freakyass nigga he a 69 god 
freakyass NIGGA he a 69 god 
hey hey hey hey run for your life ",3,3
industrybaby,lilnasx,hiphop,"need me like one with nicki now 
tell a rap NIGGA i dont see ya ha 
ima pop nigga like bieber ha ",2,2
industrybaby,lilnasx,hiphop,"tell a rap nigga i dont see ya ha 
ima pop NIGGA like bieber ha 
i dont fuck bitches im queer ha ",2,2
industrybaby,lilnasx,hiphop,"ima pop nigga like bieber ha 
i dont FUCK BITCHES im queer ha 
but these niggas bitches like madea ",2,2
industrybaby,lilnasx,hiphop,"ima pop nigga like bieber ha 
i dont FUCK BITCHES im queer ha 
but these niggas bitches like madea ",2,2
industrybaby,lilnasx,hiphop,"i dont fuck bitches im queer ha 
but these NIGGAS BITCHES like madea 
yeah yeah yeah ",3,3
industrybaby,lilnasx,hiphop,"i dont fuck bitches im queer ha 
but these NIGGAS BITCHES like madea 
yeah yeah yeah ",3,3
industrybaby,lilnasx,hiphop,"ay oh lets do it 
i aint fall off i just aint release my new SHIT 
i blew up now everybody tryna sue me ",2,2
industrybaby,lilnasx,hiphop,"get your soldiers tell em i aint layin low 
BITCH i aint runnin from no one 
you was never really rootin for me anyway ooh ooh ",2,2
industrybaby,lilnasx,hiphop,"its too late cause im here to stay and these girls know that im nasty 
i sent her back to her boyfriend with my handprint on her ASS cheek 
city talkin we takin notes ",2,2
industrybaby,lilnasx,hiphop,"all these social networks and computers 
got these PUSSIES walkin round like they aint losers 
 lil nas x ",3,3
industrybaby,lilnasx,hiphop,"get your soldiers tell em i aint layin low 
BITCH i aint runnin from no one 
you was never really rootin for me anyway ",2,2
betternow,postmalone,hiphop,"drinkin henny and im tryna forget 
but i cant get this SHIT outta my head 
you probably think that you are better now better now ",3,3
therealslimshady,eminem,hiphop,"jaws all on the floor like pam and tommy just burst in the door 
and started whooping her ASS worse than before 
they first were divorced throwing her over furniture ah ",3,3
therealslimshady,eminem,hiphop,"but its cool for tom green to hump a dead moose 
my BUM is on your lips my BUM is on your lips 
and if im lucky you might just give it a little kiss ",3,3
therealslimshady,eminem,hiphop,"and thats the message that we deliver to little kids 
and expect them not to know what a womans CLITORIS is 
of course they gonna know what intercourse is ",3,3
therealslimshady,eminem,hiphop,"will smith dont gotta cuss in his raps to sell records 
well i do so FUCK him and FUCK you too 
you think i give a damn about a grammy ",3,3
therealslimshady,eminem,hiphop,"well i do so fuck him and fuck you too 
you think i give a DAMN about a grammy 
half of you critics cant even stomach me let alone stand me ",2,2
therealslimshady,eminem,hiphop,"so you can sit me here next to britney spears 
yo SHIT christina aguilera better switch me chairs 
so i can sit next to carson daly and fred durst ",2,2
therealslimshady,eminem,hiphop,"and hear em argue over who she gave head to first 
little BITCH put me on blast on mtv 
yeah hes cute but i think hes married to kim heehee ",3,3
therealslimshady,eminem,hiphop,"and theres a million of us just like me 
who cuss like me who just dont give a FUCK like me 
who dress like me walk talk and act like me ",2,2
therealslimshady,eminem,hiphop,"things you joke about with your friends inside your living room 
the only difference is i got the BALLS to say it 
in front of yall and i dont gotta be false or sugarcoated at all ",2,2
therealslimshady,eminem,hiphop,"i just get on the mic and spit it 
and whether you like to admit it  err  i just SHIT it 
better than ninety percent of you rappers out can ",2,2
therealslimshady,eminem,hiphop,"ill be the only person in the nursing home flirting 
pinching nurses ASSES when im jacking off with jergens 
and im jerking but this whole bag of viagra isnt working ",2,2
therealslimshady,eminem,hiphop,"pinching nurses asses when im jacking off with jergens 
and im jerking but this whole bag of VIAGRA isnt working 
and every single person is a slim shady lurking ",2,0
therealslimshady,eminem,hiphop," hach  or in the parking lot circling 
screaming i dont give a FUCK 
with his windows down and his system up ",2,2
therealslimshady,eminem,hiphop,"guess theres a slim shady in all of us 
FUCK it lets all stand up
",2,2
mood,24kgoldn,hiphop,"why you always in a mood 
FUCKIN round actin brand new 
i aint tryna tell you what to do ",3,3
mood,24kgoldn,hiphop,"why you always in a mood 
FUCKIN round actin brand new 
i aint tryna tell you what to do ",3,3
mood,24kgoldn,hiphop,"why you always in a mood 
FUCKIN round actin brand new 
i aint tryna tell you what to do ",3,3
mood,24kgoldn,hiphop,"why you always in a mood 
FUCKIN round actin brand new 
i aint tryna tell you what to do ",3,3
mood,24kgoldn,hiphop,"why you always in a mood 
FUCKIN round actin brand new 
i aint tryna tell you what to do ",3,3
mood,24kgoldn,hiphop,"why you always in a mood 
FUCKIN round actin brand new 
i aint tryna tell you what to do ",3,3
meninblack,willsmith,hiphop,"and we be places that you need not be 
so go with your life forget that roswell CRAP 
show love to the black suit cause thats the men in ",3,3
low,florida,hiphop,"sorry but i had to fold her 
like a PORNOGRAPHY poster she showed her 
 tpain ",2,2
whatsluv,fatjoe,hiphop,"fat joe 
put the FUCKIN mic on 
mic is on ",2,2
whatsluv,fatjoe,hiphop,"that you got something with you 
ASS is fat frame is little 
tattoo in your chest with his name in the middle ",1,1
whatsluv,fatjoe,hiphop,"come on mommy put your body in motion 
you gotta NIGGA open 
you came here with the heart to cheat ",2,2
paintthetownred,dojacat,hiphop,"walk on by 
yeah BITCH i said what i said 
id rather be famous instead ",2,2
paintthetownred,dojacat,hiphop,"i dont care i paint the town red 
BITCH i said what i said 
id rather be famous instead ",2,2
paintthetownred,dojacat,hiphop,"mm she the devil 
she a bad lil BITCH she a rebel 
she put her foot to the pedal ",1,1
paintthetownred,dojacat,hiphop,"mm she the devil 
she a bad lil BITCH she a rebel 
she put her foot to the pedal ",1,1
paintthetownred,dojacat,hiphop,"said my happiness is all of your misery 
i put good DICK all in my kidneys 
this margiel dont come with no jealousy ",2,2
paintthetownred,dojacat,hiphop,"they just want my love and my energy 
you cant talk no SHIT without penalties 
bitch im in your shit if you send for me ",2,2
paintthetownred,dojacat,hiphop,"you cant talk no shit without penalties 
BITCH im in your SHIT if you send for me 
im goin to glow up one more time ",3,3
paintthetownred,dojacat,hiphop,"you cant talk no shit without penalties 
BITCH im in your SHIT if you send for me 
im goin to glow up one more time ",3,3
paintthetownred,dojacat,hiphop,"you gon see me eatin ten more times 
ugh you cant take that BITCH nowhere 
ugh i look better with no hair ",2,2
paintthetownred,dojacat,hiphop,"ugh give me the chance and ill go there yeah yeah 
yeah BITCH i said what i said 
id rather be famous instead ",2,2
paintthetownred,dojacat,hiphop,"i dont care i paint the town red 
BITCH i said what i said 
id rather be famous instead ",2,2
paintthetownred,dojacat,hiphop,"mm she the devil 
she a bad lil BITCH she a rebel 
she put her foot to the pedal ",1,1
paintthetownred,dojacat,hiphop,"mm she the devil 
she a bad lil BITCH she a rebel 
she put her foot to the pedal ",1,1
paintthetownred,dojacat,hiphop,"yeah yeah 
said pop make money now you try BITCH 
you could use a revamp with a new vibe sis ",2,2
paintthetownred,dojacat,hiphop,"i dont need to wear a wig to make you like it 
im a twotime BITCH you aint knew id win 
throw a shot like you tryna have a food fight then ",2,2
paintthetownred,dojacat,hiphop,"fame aint somethin that i need no more 
cause BITCH i said what i said 
id rather be famous instead ",2,2
paintthetownred,dojacat,hiphop,"i dont care i paint the town red 
BITCH i said what i said 
id rather be famous instead ",2,2
paintthetownred,dojacat,hiphop,"mm she the devil 
she a bad lil BITCH she a rebel 
she put her foot to the pedal ",1,1
paintthetownred,dojacat,hiphop,"mm she the devil 
she a bad lil BITCH she a rebel 
she put her foot to the pedal ",1,1
cantholdus,macklemore,hiphop,"but i do that to pass the torch and put on for my town 
trust me on my independent SHIT hustling 
chasing dreams since i was fourteen with the fourtrack bussing ",1,1
cantholdus,macklemore,hiphop,"chasing dreams since i was fourteen with the fourtrack bussing 
halfway cross that city with the backpack fat cat crush SHIT 
labels out here ",2,2
cantholdus,macklemore,hiphop,"like the ceiling cant hold us 
nah can i kick it thank you yeah im so DAMN grateful 
i grew up really wanted gold fronts ",1,1